Distance_cm,Intensity
0,1
0.00331455087835598,1
0.00662910175671197,1
0.00994365263506795,1
0.0132582035134239,1
0.0165727543917799,1
0.0198873052701359,1
0.0232018561484919,1
0.0265164070268479,1
0.0298309579052038,1
0.0331455087835598,1
0.0364600596619158,1
0.0397746105402718,1
0.0430891614186278,1
0.0464037122969838,1
0.0497182631753397,1
0.0530328140536957,1
0.0563473649320517,1
0.0596619158104077,1
0.0629764666887637,1
0.0662910175671197,1
0.0696055684454756,1
0.0729201193238316,1
0.0762346702021876,1
0.0795492210805436,1
0.0828637719588996,1
0.0861783228372556,1
0.0894928737156115,1
0.0928074245939675,1
0.0961219754723235,1
0.0994365263506795,1
0.102751077229035,1
0.106065628107391,1
0.109380178985747,1
0.112694729864103,1
0.116009280742459,1
0.119323831620815,1
0.122638382499171,1
0.125952933377527,1
0.129267484255883,1
0.132582035134239,1
0.135896586012595,1
0.139211136890951,1
0.142525687769307,1
0.145840238647663,1
0.149154789526019,1
0.152469340404375,1
0.155783891282731,1
0.159098442161087,1
0.162412993039443,1
0.165727543917799,1
0.169042094796155,1
0.172356645674511,1
0.175671196552867,1
0.178985747431223,1
0.182300298309579,1
0.185614849187935,1
0.188929400066291,1
0.192243950944647,1
0.195558501823003,1
0.198873052701359,1
0.202187603579715,1
0.205502154458071,1
0.208816705336427,1
0.212131256214783,1
0.215445807093139,1
0.218760357971495,1
0.222074908849851,1
0.225389459728207,1
0.228704010606563,1
0.232018561484919,1
0.235333112363275,1
0.238647663241631,1
0.241962214119987,1
0.245276764998343,1
0.248591315876699,1
0.251905866755055,1
0.255220417633411,1
0.258534968511767,1
0.261849519390123,1
0.265164070268479,1
0.268478621146835,1
0.271793172025191,1
0.275107722903547,1
0.278422273781903,1
0.281736824660259,1
0.285051375538615,1
0.288365926416971,1
0.291680477295326,1
0.294995028173682,1
0.298309579052038,1
0.301624129930394,1
0.30493868080875,1
0.308253231687106,1
0.311567782565462,1
0.314882333443818,1
0.318196884322174,1
0.32151143520053,1
0.324825986078886,1
0.328140536957242,1
0.331455087835598,1
0.334769638713954,1
0.33808418959231,1
0.341398740470666,1
0.344713291349022,1
0.348027842227378,1
0.351342393105734,1
0.35465694398409,1
0.357971494862446,1
0.361286045740802,1
0.364600596619158,1
0.367915147497514,1
0.37122969837587,1
0.374544249254226,1
0.377858800132582,1
0.381173351010938,1
0.384487901889294,1
0.38780245276765,1
0.391117003646006,1
0.394431554524362,1
0.397746105402718,1
0.401060656281074,1
0.40437520715943,1
0.407689758037786,1
0.411004308916142,1
0.414318859794498,1
0.417633410672854,1
0.42094796155121,1
0.424262512429566,1
0.427577063307922,1
0.430891614186278,1
0.434206165064634,1
0.43752071594299,1
0.440835266821346,1
0.444149817699702,1
0.447464368578058,1
0.450778919456414,1
0.45409347033477,1
0.457408021213126,1
0.460722572091482,1
0.464037122969838,1
0.467351673848194,1
0.47066622472655,1
0.473980775604906,1
0.477295326483262,1
0.480609877361617,1
0.483924428239974,1
0.487238979118329,1
0.490553529996685,1
0.493868080875041,1
0.497182631753397,1
0.500497182631753,1
0.503811733510109,1
0.507126284388465,1
0.510440835266821,1
0.513755386145177,1
0.517069937023533,1
0.520384487901889,1
0.523699038780245,1
0.527013589658601,1
0.530328140536957,1
0.533642691415313,1
0.536957242293669,1
0.540271793172025,1
0.543586344050381,1
0.546900894928737,1
0.550215445807093,1
0.553529996685449,1
0.556844547563805,1
0.560159098442161,1
0.563473649320517,1
0.566788200198873,1
0.570102751077229,1
0.573417301955585,1
0.576731852833941,1
0.580046403712297,1
0.583360954590653,1
0.586675505469009,1
0.589990056347365,1
0.593304607225721,1
0.596619158104077,1
0.599933708982433,1
0.603248259860789,1
0.606562810739145,1
0.609877361617501,1
0.613191912495857,1
0.616506463374213,1
0.619821014252569,1
0.623135565130925,1
0.626450116009281,1
0.629764666887637,1
0.633079217765993,1
0.636393768644349,1
0.639708319522705,1
0.643022870401061,1
0.646337421279417,1
0.649651972157773,1
0.652966523036129,1
0.656281073914485,1
0.659595624792841,1
0.662910175671197,1
0.666224726549553,1
0.669539277427909,1
0.672853828306265,1
0.67616837918462,1
0.679482930062976,1
0.682797480941332,1
0.686112031819688,1
0.689426582698044,1
0.6927411335764,1
0.696055684454756,1
0.699370235333112,1
0.702684786211468,1
0.705999337089824,1
0.70931388796818,1
0.712628438846536,1
0.715942989724892,1
0.719257540603248,1
0.722572091481604,1
0.72588664235996,1
0.729201193238316,1
0.732515744116672,1
0.735830294995028,1
0.739144845873384,1
0.74245939675174,1
0.745773947630096,1
0.749088498508452,1
0.752403049386808,1
0.755717600265164,1
0.75903215114352,1
0.762346702021876,1
0.765661252900232,1
0.768975803778588,1
0.772290354656944,1
0.7756049055353,1
0.778919456413656,1
0.782234007292012,1
0.785548558170368,1
0.788863109048724,1
0.79217765992708,1
0.795492210805436,1
0.798806761683792,1
0.802121312562148,1
0.805435863440504,1
0.80875041431886,1
0.812064965197216,1
0.815379516075572,1
0.818694066953928,1
0.822008617832284,1
0.82532316871064,1
0.828637719588996,1
0.831952270467352,1
0.835266821345708,1
0.838581372224064,1
0.84189592310242,1
0.845210473980776,1
0.848525024859132,1
0.851839575737488,1
0.855154126615844,1
0.8584686774942,1
0.861783228372555,1
0.865097779250911,1
0.868412330129267,1
0.871726881007624,1
0.875041431885979,1
0.878355982764335,1
0.881670533642691,1
0.884985084521047,1
0.888299635399403,1
0.891614186277759,1
0.894928737156115,1
0.898243288034471,1
0.901557838912827,1
0.904872389791183,1
0.908186940669539,1
0.911501491547895,1
0.914816042426251,1
0.918130593304607,1
0.921445144182963,1
0.924759695061319,1
0.928074245939675,1
0.931388796818031,1
0.934703347696387,1
0.938017898574743,1
0.941332449453099,1
0.944647000331455,1
0.947961551209811,1
0.951276102088167,1
0.954590652966523,1
0.957905203844879,1
0.961219754723235,1
0.964534305601591,1
0.967848856479947,1
0.971163407358303,1
0.974477958236659,1
0.977792509115015,1
0.981107059993371,1
0.984421610871727,1
0.987736161750083,1
0.991050712628439,1
0.994365263506795,1
0.997679814385151,1
1.00099436526351,1
1.00430891614186,1
1.00762346702022,1
1.01093801789857,1
1.01425256877693,1
1.01756711965529,1
1.02088167053364,1
1.024196221412,1
1.02751077229035,1
1.03082532316871,1
1.03413987404707,1
1.03745442492542,1
1.04076897580378,1
1.04408352668213,1
1.04739807756049,1
1.05071262843885,1
1.0540271793172,1
1.05734173019556,1
1.06065628107391,1
1.06397083195227,1
1.06728538283063,1
1.07059993370898,1
1.07391448458734,1
1.07722903546569,1
1.08054358634405,1
1.08385813722241,1
1.08717268810076,1
1.09048723897912,1
1.09380178985747,1
1.09711634073583,1
1.10043089161419,1
1.10374544249254,1
1.1070599933709,1
1.11037454424925,1
1.11368909512761,1
1.11700364600597,1
1.12031819688432,1
1.12363274776268,1
1.12694729864103,1
1.13026184951939,1
1.13357640039775,1
1.1368909512761,1
1.14020550215446,1
1.14352005303281,1
1.14683460391117,1
1.15014915478953,1
1.15346370566788,1
1.15677825654624,1
1.16009280742459,1
1.16340735830295,1
1.16672190918131,1
1.17003646005966,1
1.17335101093802,1
1.17666556181637,1
1.17998011269473,1
1.18329466357309,1
1.18660921445144,1
1.1899237653298,1
1.19323831620815,1
1.19655286708651,1
1.19986741796487,1
1.20318196884322,1
1.20649651972158,1
1.20981107059993,1
1.21312562147829,1
1.21644017235665,1
1.219754723235,1
1.22306927411336,1
1.22638382499171,1
1.22969837587007,1
1.23301292674843,1
1.23632747762678,1
1.23964202850514,1
1.24295657938349,1
1.24627113026185,1
1.24958568114021,1
1.25290023201856,1
1.25621478289692,1
1.25952933377527,1
1.26284388465363,1
1.26615843553199,1
1.26947298641034,1
1.2727875372887,1
1.27610208816705,1
1.27941663904541,1
1.28273118992377,1
1.28604574080212,1
1.28936029168048,1
1.29267484255883,1
1.29598939343719,1
1.29930394431555,1
1.3026184951939,1
1.30593304607226,1
1.30924759695061,1
1.31256214782897,1
1.31587669870733,1
1.31919124958568,1
1.32250580046404,1
1.32582035134239,1
1.32913490222075,1
1.33244945309911,1
1.33576400397746,1
1.33907855485582,1
1.34239310573417,1
1.34570765661253,1
1.34902220749089,1
1.35233675836924,1
1.3556513092476,1
1.35896586012595,1
1.36228041100431,1
1.36559496188266,1
1.36890951276102,1
1.37222406363938,1
1.37553861451773,1
1.37885316539609,1
1.38216771627444,1
1.3854822671528,1
1.38879681803116,1
1.39211136890951,1
1.39542591978787,1
1.39874047066622,1
1.40205502154458,1
1.40536957242294,1
1.40868412330129,1
1.41199867417965,1
1.415313225058,1
1.41862777593636,1
1.42194232681472,1
1.42525687769307,1
1.42857142857143,1
1.43188597944978,1
1.43520053032814,1
1.4385150812065,1
1.44182963208485,1
1.44514418296321,1
1.44845873384156,1
1.45177328471992,1
1.45508783559828,1
1.45840238647663,1
1.46171693735499,1
1.46503148823334,1
1.4683460391117,1
1.47166058999006,1
1.47497514086841,1
1.47828969174677,1
1.48160424262512,1
1.48491879350348,1
1.48823334438184,1
1.49154789526019,1
1.49486244613855,1
1.4981769970169,1
1.50149154789526,1
1.50480609877362,1
1.50812064965197,1
1.51143520053033,1
1.51474975140868,1
1.51806430228704,1
1.5213788531654,1
1.52469340404375,1
1.52800795492211,1
1.53132250580046,1
1.53463705667882,1
1.53795160755718,1
1.54126615843553,1
1.54458070931389,1
1.54789526019224,1
1.5512098110706,1
1.55452436194896,1
1.55783891282731,1
1.56115346370567,1
1.56446801458402,1
1.56778256546238,1
1.57109711634074,1
1.57441166721909,1
1.57772621809745,1
1.5810407689758,1
1.58435531985416,1
1.58766987073252,1
1.59098442161087,1
1.59429897248923,1
1.59761352336758,1
1.60092807424594,1
1.6042426251243,1
1.60755717600265,1
1.61087172688101,1
1.61418627775936,1
1.61750082863772,1
1.62081537951608,1
1.62412993039443,1
1.62744448127279,1
1.63075903215114,1
1.6340735830295,1
1.63738813390786,1
1.64070268478621,1
1.64401723566457,1
1.64733178654292,1
1.65064633742128,1
1.65396088829964,1
1.65727543917799,1
1.66058999005635,1
1.6639045409347,1
1.66721909181306,1
1.67053364269142,1
1.67384819356977,1
1.67716274444813,1
1.68047729532648,1
1.68379184620484,1
1.6871063970832,1
1.69042094796155,1
1.69373549883991,1
1.69705004971826,1
1.70036460059662,1
1.70367915147498,1
1.70699370235333,1
1.71030825323169,1
1.71362280411004,1
1.7169373549884,1
1.72025190586676,1
1.72356645674511,1
1.72688100762347,1
1.73019555850182,1
1.73351010938018,1
1.73682466025853,1
1.74013921113689,1
1.74345376201525,1
1.7467683128936,1
1.75008286377196,1
1.75339741465031,1
1.75671196552867,1
1.76002651640703,1
1.76334106728538,1
1.76665561816374,1
1.76997016904209,1
1.77328471992045,1
1.77659927079881,1
1.77991382167716,1
1.78322837255552,1
1.78654292343387,1
1.78985747431223,1
1.79317202519059,1
1.79648657606894,1
1.7998011269473,1
1.80311567782565,1
1.80643022870401,1
1.80974477958237,1
1.81305933046072,1
1.81637388133908,1
1.81968843221743,1
1.82300298309579,1
1.82631753397415,1
1.8296320848525,1
1.83294663573086,1
1.83626118660921,1
1.83957573748757,1
1.84289028836593,1
1.84620483924428,1
1.84951939012264,1
1.85283394100099,1
1.85614849187935,1
1.85946304275771,1
1.86277759363606,1
1.86609214451442,1
1.86940669539277,1
1.87272124627113,1
1.87603579714949,1
1.87935034802784,1
1.8826648989062,1
1.88597944978455,1
1.88929400066291,1
1.89260855154127,1
1.89592310241962,1
1.89923765329798,1
1.90255220417633,1
1.90586675505469,1
1.90918130593305,1
1.9124958568114,1
1.91581040768976,1
1.91912495856811,1
1.92243950944647,1
1.92575406032483,1
1.92906861120318,1
1.93238316208154,1
1.93569771295989,1
1.93901226383825,1
1.94232681471661,1
1.94564136559496,1
1.94895591647332,1
1.95227046735167,1
1.95558501823003,1
1.95889956910839,1
1.96221411998674,1
1.9655286708651,1
1.96884322174345,1
1.97215777262181,1
1.97547232350017,1
1.97878687437852,1
1.98210142525688,1
1.98541597613523,1
1.98873052701359,1
1.99204507789195,1
1.9953596287703,1
1.99867417964866,1
2.00198873052701,1
2.00530328140537,1
2.00861783228373,1
2.01193238316208,1
2.01524693404044,1
2.01856148491879,1
2.02187603579715,1
2.02519058667551,1
2.02850513755386,1
2.03181968843222,1
2.03513423931057,1
2.03844879018893,1
2.04176334106729,1
2.04507789194564,1
2.048392442824,1
2.05170699370235,1
2.05502154458071,1
2.05833609545907,1
2.06165064633742,1
2.06496519721578,1
2.06827974809413,1
2.07159429897249,1
2.07490884985085,1
2.0782234007292,1
2.08153795160756,1
2.08485250248591,1
2.08816705336427,1
2.09148160424263,1
2.09479615512098,1
2.09811070599934,1
2.10142525687769,1
2.10473980775605,1
2.1080543586344,1
2.11136890951276,1
2.11468346039112,1
2.11799801126947,1
2.12131256214783,1
2.12462711302619,1
2.12794166390454,1
2.1312562147829,1
2.13457076566125,1
2.13788531653961,1
2.14119986741796,1
2.14451441829632,1
2.14782896917468,1
2.15114352005303,1
2.15445807093139,1
2.15777262180974,1
2.1610871726881,1
2.16440172356646,1
2.16771627444481,1
2.17103082532317,1
2.17434537620152,1
2.17765992707988,1
2.18097447795824,1
2.18428902883659,1
2.18760357971495,1
2.1909181305933,1
2.19423268147166,1
2.19754723235002,1
2.20086178322837,1
2.20417633410673,1
2.20749088498508,1
2.21080543586344,1
2.2141199867418,1
2.21743453762015,1
2.22074908849851,1
2.22406363937686,1
2.22737819025522,1
2.23069274113358,1
2.23400729201193,1
2.23732184289029,1
2.24063639376864,1
2.243950944647,1
2.24726549552536,1
2.25058004640371,1
2.25389459728207,1
2.25720914816042,1
2.26052369903878,1
2.26383824991714,1
2.26715280079549,1
2.27046735167385,1
2.2737819025522,1
2.27709645343056,1
2.28041100430892,1
2.28372555518727,1
2.28704010606563,1
2.29035465694398,1
2.29366920782234,1
2.2969837587007,1
2.30029830957905,1
2.30361286045741,1
2.30692741133576,1
2.31024196221412,1
2.31355651309248,1
2.31687106397083,1
2.32018561484919,1
2.32350016572754,1
2.3268147166059,1
2.33012926748426,1
2.33344381836261,1
2.33675836924097,1
2.34007292011932,1
2.34338747099768,1
2.34670202187604,1
2.35001657275439,1
2.35333112363275,1
2.3566456745111,1
2.35996022538946,0.996078431372549
2.36327477626782,0.996078431372549
2.36658932714617,0.996078431372549
2.36990387802453,0.996078431372549
2.37321842890288,0.996078431372549
2.37653297978124,0.996078431372549
2.3798475306596,0.996078431372549
2.38316208153795,0.996078431372549
2.38647663241631,0.996078431372549
2.38979118329466,0.996078431372549
2.39310573417302,0.996078431372549
2.39642028505138,0.996078431372549
2.39973483592973,0.996078431372549
2.40304938680809,0.996078431372549
2.40636393768644,0.996078431372549
2.4096784885648,0.996078431372549
2.41299303944316,0.996078431372549
2.41630759032151,0.996078431372549
2.41962214119987,0.996078431372549
2.42293669207822,0.996078431372549
2.42625124295658,0.996078431372549
2.42956579383494,0.996078431372549
2.43288034471329,0.996078431372549
2.43619489559165,0.996078431372549
2.43950944647,0.996078431372549
2.44282399734836,0.996078431372549
2.44613854822672,0.996078431372549
2.44945309910507,0.996078431372549
2.45276764998343,0.996078431372549
2.45608220086178,0.996078431372549
2.45939675174014,0.996078431372549
2.4627113026185,0.996078431372549
2.46602585349685,0.996078431372549
2.46934040437521,0.996078431372549
2.47265495525356,0.996078431372549
2.47596950613192,0.996078431372549
2.47928405701027,0.996078431372549
2.48259860788863,0.992156862745098
2.48591315876699,0.992156862745098
2.48922770964534,0.992156862745098
2.4925422605237,0.992156862745098
2.49585681140206,0.992156862745098
2.49917136228041,0.992156862745098
2.50248591315877,0.992156862745098
2.50580046403712,0.992156862745098
2.50911501491548,0.992156862745098
2.51242956579383,0.992156862745098
2.51574411667219,0.992156862745098
2.51905866755055,0.992156862745098
2.5223732184289,0.992156862745098
2.52568776930726,0.992156862745098
2.52900232018561,0.992156862745098
2.53231687106397,0.992156862745098
2.53563142194233,0.992156862745098
2.53894597282068,0.992156862745098
2.54226052369904,0.992156862745098
2.54557507457739,0.992156862745098
2.54888962545575,0.992156862745098
2.55220417633411,0.992156862745098
2.55551872721246,0.992156862745098
2.55883327809082,0.992156862745098
2.56214782896917,0.992156862745098
2.56546237984753,0.992156862745098
2.56877693072589,0.992156862745098
2.57209148160424,0.992156862745098
2.5754060324826,0.992156862745098
2.57872058336095,0.992156862745098
2.58203513423931,0.992156862745098
2.58534968511767,0.992156862745098
2.58866423599602,0.992156862745098
2.59197878687438,0.992156862745098
2.59529333775273,0.992156862745098
2.59860788863109,0.992156862745098
2.60192243950945,0.992156862745098
2.6052369903878,0.992156862745098
2.60855154126616,0.992156862745098
2.61186609214451,0.992156862745098
2.61518064302287,0.992156862745098
2.61849519390123,0.992156862745098
2.62180974477958,0.992156862745098
2.62512429565794,0.992156862745098
2.62843884653629,0.992156862745098
2.63175339741465,0.992156862745098
2.63506794829301,0.992156862745098
2.63838249917136,0.992156862745098
2.64169705004972,0.992156862745098
2.64501160092807,0.992156862745098
2.64832615180643,0.992156862745098
2.65164070268479,0.992156862745098
2.65495525356314,0.992156862745098
2.6582698044415,0.992156862745098
2.66158435531985,0.992156862745098
2.66489890619821,0.992156862745098
2.66821345707657,0.992156862745098
2.67152800795492,0.992156862745098
2.67484255883328,0.992156862745098
2.67815710971163,0.992156862745098
2.68147166058999,0.992156862745098
2.68478621146835,0.992156862745098
2.6881007623467,0.992156862745098
2.69141531322506,0.992156862745098
2.69472986410341,0.992156862745098
2.69804441498177,0.992156862745098
2.70135896586013,0.992156862745098
2.70467351673848,0.992156862745098
2.70798806761684,0.992156862745098
2.71130261849519,0.992156862745098
2.71461716937355,0.992156862745098
2.71793172025191,0.992156862745098
2.72124627113026,0.992156862745098
2.72456082200862,0.992156862745098
2.72787537288697,0.992156862745098
2.73118992376533,0.992156862745098
2.73450447464369,0.992156862745098
2.73781902552204,0.992156862745098
2.7411335764004,0.992156862745098
2.74444812727875,0.992156862745098
2.74776267815711,0.992156862745098
2.75107722903547,0.992156862745098
2.75439177991382,0.992156862745098
2.75770633079218,0.992156862745098
2.76102088167053,0.992156862745098
2.76433543254889,0.992156862745098
2.76764998342725,0.992156862745098
2.7709645343056,0.992156862745098
2.77427908518396,0.992156862745098
2.77759363606231,0.992156862745098
2.78090818694067,0.992156862745098
2.78422273781903,0.992156862745098
2.78753728869738,0.992156862745098
2.79085183957574,0.992156862745098
2.79416639045409,0.992156862745098
2.79748094133245,0.992156862745098
2.80079549221081,0.992156862745098
2.80411004308916,0.992156862745098
2.80742459396752,0.992156862745098
2.81073914484587,0.992156862745098
2.81405369572423,0.996078431372549
2.81736824660259,0.996078431372549
2.82068279748094,0.996078431372549
2.8239973483593,0.996078431372549
2.82731189923765,0.996078431372549
2.83062645011601,0.996078431372549
2.83394100099437,0.996078431372549
2.83725555187272,0.996078431372549
2.84057010275108,0.996078431372549
2.84388465362943,0.996078431372549
2.84719920450779,0.996078431372549
2.85051375538615,0.996078431372549
2.8538283062645,0.996078431372549
2.85714285714286,0.996078431372549
2.86045740802121,0.996078431372549
2.86377195889957,0.996078431372549
2.86708650977793,0.996078431372549
2.87040106065628,0.996078431372549
2.87371561153464,0.996078431372549
2.87703016241299,0.996078431372549
2.88034471329135,0.996078431372549
2.8836592641697,0.996078431372549
2.88697381504806,0.996078431372549
2.89028836592642,0.996078431372549
2.89360291680477,0.996078431372549
2.89691746768313,0.996078431372549
2.90023201856148,0.996078431372549
2.90354656943984,0.996078431372549
2.9068611203182,0.996078431372549
2.91017567119655,0.996078431372549
2.91349022207491,0.996078431372549
2.91680477295326,0.996078431372549
2.92011932383162,0.996078431372549
2.92343387470998,0.996078431372549
2.92674842558833,0.996078431372549
2.93006297646669,0.996078431372549
2.93337752734504,0.996078431372549
2.9366920782234,0.996078431372549
2.94000662910176,0.996078431372549
2.94332117998011,0.996078431372549
2.94663573085847,0.996078431372549
2.94995028173682,0.996078431372549
2.95326483261518,0.996078431372549
2.95657938349354,0.996078431372549
2.95989393437189,0.996078431372549
2.96320848525025,0.996078431372549
2.9665230361286,0.996078431372549
2.96983758700696,0.996078431372549
2.97315213788532,0.996078431372549
2.97646668876367,0.996078431372549
2.97978123964203,0.996078431372549
2.98309579052038,0.996078431372549
2.98641034139874,0.996078431372549
2.9897248922771,0.996078431372549
2.99303944315545,0.996078431372549
2.99635399403381,0.996078431372549
2.99966854491216,0.996078431372549
3.00298309579052,0.996078431372549
3.00629764666888,0.996078431372549
3.00961219754723,0.996078431372549
3.01292674842559,0.996078431372549
3.01624129930394,0.996078431372549
3.0195558501823,0.996078431372549
3.02287040106066,0.996078431372549
3.02618495193901,0.996078431372549
3.02949950281737,0.996078431372549
3.03281405369572,0.996078431372549
3.03612860457408,0.996078431372549
3.03944315545244,0.996078431372549
3.04275770633079,0.996078431372549
3.04607225720915,0.996078431372549
3.0493868080875,0.996078431372549
3.05270135896586,0.996078431372549
3.05601590984422,0.996078431372549
3.05933046072257,0.996078431372549
3.06264501160093,0.996078431372549
3.06595956247928,0.996078431372549
3.06927411335764,0.996078431372549
3.072588664236,0.996078431372549
3.07590321511435,0.996078431372549
3.07921776599271,0.996078431372549
3.08253231687106,0.996078431372549
3.08584686774942,0.996078431372549
3.08916141862778,0.996078431372549
3.09247596950613,0.996078431372549
3.09579052038449,0.996078431372549
3.09910507126284,0.996078431372549
3.1024196221412,0.996078431372549
3.10573417301956,0.996078431372549
3.10904872389791,0.996078431372549
3.11236327477627,0.996078431372549
3.11567782565462,0.996078431372549
3.11899237653298,0.996078431372549
3.12230692741134,0.996078431372549
3.12562147828969,0.996078431372549
3.12893602916805,0.996078431372549
3.1322505800464,0.996078431372549
3.13556513092476,0.996078431372549
3.13887968180312,0.996078431372549
3.14219423268147,0.996078431372549
3.14550878355983,0.996078431372549
3.14882333443818,1
3.15213788531654,1
3.1554524361949,1
3.15876698707325,1
3.16208153795161,1
3.16539608882996,1
3.16871063970832,1
3.17202519058668,1
3.17533974146503,1
3.17865429234339,1
3.18196884322174,1
3.1852833941001,1
3.18859794497846,1
3.19191249585681,1
3.19522704673517,1
3.19854159761352,1
3.20185614849188,1
3.20517069937024,1
3.20848525024859,1
3.21179980112695,1
3.2151143520053,1
3.21842890288366,1
3.22174345376202,1
3.22505800464037,1
3.22837255551873,1
3.23168710639708,1
3.23500165727544,1
3.2383162081538,1
3.24163075903215,1
3.24494530991051,1
3.24825986078886,1
3.25157441166722,1
3.25488896254558,1
3.25820351342393,1
3.26151806430229,1
3.26483261518064,1
3.268147166059,1
3.27146171693735,1
3.27477626781571,1
3.27809081869407,1
3.28140536957242,1
3.28471992045078,1
3.28803447132913,1
3.29134902220749,1
3.29466357308585,1
3.2979781239642,1
3.30129267484256,1
3.30460722572091,1
3.30792177659927,1
3.31123632747763,1
3.31455087835598,1
3.31786542923434,1
3.32117998011269,1
3.32449453099105,1
3.32780908186941,1
3.33112363274776,1
3.33443818362612,1
3.33775273450447,1
3.34106728538283,1
3.34438183626119,1
3.34769638713954,1
3.3510109380179,1
3.35432548889625,0.996078431372549
3.35764003977461,0.996078431372549
3.36095459065297,0.996078431372549
3.36426914153132,0.996078431372549
3.36758369240968,0.996078431372549
3.37089824328803,0.996078431372549
3.37421279416639,0.996078431372549
3.37752734504475,0.996078431372549
3.3808418959231,0.996078431372549
3.38415644680146,0.996078431372549
3.38747099767981,0.996078431372549
3.39078554855817,0.996078431372549
3.39410009943653,0.996078431372549
3.39741465031488,0.996078431372549
3.40072920119324,0.996078431372549
3.40404375207159,0.996078431372549
3.40735830294995,0.996078431372549
3.41067285382831,0.996078431372549
3.41398740470666,0.996078431372549
3.41730195558502,0.996078431372549
3.42061650646337,0.996078431372549
3.42393105734173,0.996078431372549
3.42724560822009,0.996078431372549
3.43056015909844,0.996078431372549
3.4338747099768,0.996078431372549
3.43718926085515,0.996078431372549
3.44050381173351,0.996078431372549
3.44381836261187,0.996078431372549
3.44713291349022,0.996078431372549
3.45044746436858,0.996078431372549
3.45376201524693,0.996078431372549
3.45707656612529,0.996078431372549
3.46039111700365,0.996078431372549
3.463705667882,0.996078431372549
3.46702021876036,0.996078431372549
3.47033476963871,0.996078431372549
3.47364932051707,0.996078431372549
3.47696387139543,0.996078431372549
3.48027842227378,0.996078431372549
3.48359297315214,0.996078431372549
3.48690752403049,0.996078431372549
3.49022207490885,0.996078431372549
3.49353662578721,0.996078431372549
3.49685117666556,0.996078431372549
3.50016572754392,0.996078431372549
3.50348027842227,0.996078431372549
3.50679482930063,0.996078431372549
3.51010938017899,0.996078431372549
3.51342393105734,0.996078431372549
3.5167384819357,0.996078431372549
3.52005303281405,0.996078431372549
3.52336758369241,0.996078431372549
3.52668213457077,0.996078431372549
3.52999668544912,0.996078431372549
3.53331123632748,0.996078431372549
3.53662578720583,0.996078431372549
3.53994033808419,0.996078431372549
3.54325488896255,0.996078431372549
3.5465694398409,0.996078431372549
3.54988399071926,0.996078431372549
3.55319854159761,0.996078431372549
3.55651309247597,0.996078431372549
3.55982764335433,0.996078431372549
3.56314219423268,0.996078431372549
3.56645674511104,0.996078431372549
3.56977129598939,0.996078431372549
3.57308584686775,0.996078431372549
3.57640039774611,0.996078431372549
3.57971494862446,0.996078431372549
3.58302949950282,0.996078431372549
3.58634405038117,0.996078431372549
3.58965860125953,0.996078431372549
3.59297315213789,0.996078431372549
3.59628770301624,0.996078431372549
3.5996022538946,0.996078431372549
3.60291680477295,0.992156862745098
3.60623135565131,0.992156862745098
3.60954590652967,0.992156862745098
3.61286045740802,0.992156862745098
3.61617500828638,0.992156862745098
3.61948955916473,0.992156862745098
3.62280411004309,0.992156862745098
3.62611866092145,0.992156862745098
3.6294332117998,0.992156862745098
3.63274776267816,0.992156862745098
3.63606231355651,0.992156862745098
3.63937686443487,0.992156862745098
3.64269141531323,0.992156862745098
3.64600596619158,0.988235294117647
3.64932051706994,0.988235294117647
3.65263506794829,0.988235294117647
3.65594961882665,0.988235294117647
3.65926416970501,0.988235294117647
3.66257872058336,0.988235294117647
3.66589327146172,0.988235294117647
3.66920782234007,0.988235294117647
3.67252237321843,0.988235294117647
3.67583692409678,0.988235294117647
3.67915147497514,0.988235294117647
3.6824660258535,0.988235294117647
3.68578057673185,0.980392156862745
3.68909512761021,0.980392156862745
3.69240967848856,0.980392156862745
3.69572422936692,0.980392156862745
3.69903878024528,0.980392156862745
3.70235333112363,0.980392156862745
3.70566788200199,0.980392156862745
3.70898243288034,0.980392156862745
3.7122969837587,0.980392156862745
3.71561153463706,0.980392156862745
3.71892608551541,0.980392156862745
3.72224063639377,0.980392156862745
3.72555518727212,0.980392156862745
3.72886973815048,0.976470588235294
3.73218428902884,0.976470588235294
3.73549883990719,0.976470588235294
3.73881339078555,0.976470588235294
3.7421279416639,0.976470588235294
3.74544249254226,0.976470588235294
3.74875704342062,0.976470588235294
3.75207159429897,0.976470588235294
3.75538614517733,0.976470588235294
3.75870069605568,0.976470588235294
3.76201524693404,0.976470588235294
3.7653297978124,0.976470588235294
3.76864434869075,0.968627450980392
3.77195889956911,0.968627450980392
3.77527345044746,0.968627450980392
3.77858800132582,0.968627450980392
3.78190255220418,0.968627450980392
3.78521710308253,0.968627450980392
3.78853165396089,0.968627450980392
3.79184620483924,0.968627450980392
3.7951607557176,0.968627450980392
3.79847530659596,0.968627450980392
3.80178985747431,0.968627450980392
3.80510440835267,0.968627450980392
3.80841895923102,0.968627450980392
3.81173351010938,0.96078431372549
3.81504806098774,0.96078431372549
3.81836261186609,0.96078431372549
3.82167716274445,0.96078431372549
3.8249917136228,0.96078431372549
3.82830626450116,0.96078431372549
3.83162081537952,0.96078431372549
3.83493536625787,0.96078431372549
3.83824991713623,0.96078431372549
3.84156446801458,0.96078431372549
3.84487901889294,0.96078431372549
3.8481935697713,0.96078431372549
3.85150812064965,0.956862745098039
3.85482267152801,0.956862745098039
3.85813722240636,0.956862745098039
3.86145177328472,0.956862745098039
3.86476632416308,0.956862745098039
3.86808087504143,0.956862745098039
3.87139542591979,0.956862745098039
3.87470997679814,0.956862745098039
3.8780245276765,0.956862745098039
3.88133907855486,0.956862745098039
3.88465362943321,0.956862745098039
3.88796818031157,0.956862745098039
3.89128273118992,0.956862745098039
3.89459728206828,0.941176470588235
3.89791183294664,0.941176470588235
3.90122638382499,0.941176470588235
3.90454093470335,0.941176470588235
3.9078554855817,0.941176470588235
3.91117003646006,0.941176470588235
3.91448458733842,0.941176470588235
3.91779913821677,0.941176470588235
3.92111368909513,0.941176470588235
3.92442823997348,0.941176470588235
3.92774279085184,0.941176470588235
3.9310573417302,0.941176470588235
3.93437189260855,0.937254901960784
3.93768644348691,0.937254901960784
3.94100099436526,0.937254901960784
3.94431554524362,0.937254901960784
3.94763009612198,0.937254901960784
3.95094464700033,0.937254901960784
3.95425919787869,0.937254901960784
3.95757374875704,0.937254901960784
3.9608882996354,0.937254901960784
3.96420285051376,0.937254901960784
3.96751740139211,0.937254901960784
3.97083195227047,0.937254901960784
3.97414650314882,0.937254901960784
3.97746105402718,0.929411764705882
3.98077560490554,0.929411764705882
3.98409015578389,0.929411764705882
3.98740470666225,0.929411764705882
3.9907192575406,0.929411764705882
3.99403380841896,0.929411764705882
3.99734835929732,0.929411764705882
4.00066291017567,0.929411764705882
4.00397746105403,0.929411764705882
4.00729201193238,0.929411764705882
4.01060656281074,0.929411764705882
4.0139211136891,0.929411764705882
4.01723566456745,0.929411764705882
4.02055021544581,0.92156862745098
4.02386476632416,0.92156862745098
4.02717931720252,0.92156862745098
4.03049386808087,0.92156862745098
4.03380841895923,0.92156862745098
4.03712296983759,0.92156862745098
4.04043752071594,0.92156862745098
4.0437520715943,0.92156862745098
4.04706662247265,0.92156862745098
4.05038117335101,0.92156862745098
4.05369572422937,0.92156862745098
4.05701027510772,0.92156862745098
4.06032482598608,0.913725490196078
4.06363937686443,0.913725490196078
4.06695392774279,0.913725490196078
4.07026847862115,0.913725490196078
4.0735830294995,0.913725490196078
4.07689758037786,0.913725490196078
4.08021213125622,0.913725490196078
4.08352668213457,0.913725490196078
4.08684123301293,0.913725490196078
4.09015578389128,0.913725490196078
4.09347033476964,0.913725490196078
4.09678488564799,0.913725490196078
4.10009943652635,0.913725490196078
4.10341398740471,0.909803921568627
4.10672853828306,0.909803921568627
4.11004308916142,0.909803921568627
4.11335764003977,0.909803921568627
4.11667219091813,0.909803921568627
4.11998674179649,0.909803921568627
4.12330129267484,0.909803921568627
4.1266158435532,0.909803921568627
4.12993039443155,0.909803921568627
4.13324494530991,0.909803921568627
4.13655949618827,0.909803921568627
4.13987404706662,0.909803921568627
4.14318859794498,0.886274509803922
4.14650314882333,0.886274509803922
4.14981769970169,0.886274509803922
4.15313225058005,0.886274509803922
4.1564468014584,0.886274509803922
4.15976135233676,0.886274509803922
4.16307590321511,0.886274509803922
4.16639045409347,0.886274509803922
4.16970500497183,0.886274509803922
4.17301955585018,0.886274509803922
4.17633410672854,0.886274509803922
4.17964865760689,0.886274509803922
4.18296320848525,0.886274509803922
4.18627775936361,0.87843137254902
4.18959231024196,0.87843137254902
4.19290686112032,0.87843137254902
4.19622141199867,0.87843137254902
4.19953596287703,0.87843137254902
4.20285051375539,0.87843137254902
4.20616506463374,0.87843137254902
4.2094796155121,0.87843137254902
4.21279416639045,0.87843137254902
4.21610871726881,0.87843137254902
4.21942326814717,0.87843137254902
4.22273781902552,0.87843137254902
4.22605236990388,0.870588235294118
4.22936692078223,0.870588235294118
4.23268147166059,0.870588235294118
4.23599602253895,0.870588235294118
4.2393105734173,0.870588235294118
4.24262512429566,0.870588235294118
4.24593967517401,0.870588235294118
4.24925422605237,0.870588235294118
4.25256877693073,0.870588235294118
4.25588332780908,0.870588235294118
4.25919787868744,0.870588235294118
4.26251242956579,0.870588235294118
4.26582698044415,0.870588235294118
4.26914153132251,0.862745098039216
4.27245608220086,0.862745098039216
4.27577063307922,0.862745098039216
4.27908518395757,0.862745098039216
4.28239973483593,0.862745098039216
4.28571428571429,0.862745098039216
4.28902883659264,0.862745098039216
4.292343387471,0.862745098039216
4.29565793834935,0.862745098039216
4.29897248922771,0.862745098039216
4.30228704010607,0.862745098039216
4.30560159098442,0.862745098039216
4.30891614186278,0.847058823529412
4.31223069274113,0.847058823529412
4.31554524361949,0.847058823529412
4.31885979449785,0.847058823529412
4.3221743453762,0.847058823529412
4.32548889625456,0.847058823529412
4.32880344713291,0.847058823529412
4.33211799801127,0.847058823529412
4.33543254888963,0.847058823529412
4.33874709976798,0.847058823529412
4.34206165064634,0.847058823529412
4.34537620152469,0.847058823529412
4.34869075240305,0.847058823529412
4.35200530328141,0.83921568627451
4.35531985415976,0.83921568627451
4.35863440503812,0.83921568627451
4.36194895591647,0.83921568627451
4.36526350679483,0.83921568627451
4.36857805767319,0.83921568627451
4.37189260855154,0.83921568627451
4.3752071594299,0.83921568627451
4.37852171030825,0.83921568627451
4.38183626118661,0.83921568627451
4.38515081206496,0.83921568627451
4.38846536294332,0.83921568627451
4.39177991382168,0.831372549019608
4.39509446470003,0.831372549019608
4.39840901557839,0.831372549019608
4.40172356645675,0.831372549019608
4.4050381173351,0.831372549019608
4.40835266821346,0.831372549019608
4.41166721909181,0.831372549019608
4.41498176997017,0.831372549019608
4.41829632084853,0.831372549019608
4.42161087172688,0.831372549019608
4.42492542260524,0.831372549019608
4.42823997348359,0.831372549019608
4.43155452436195,0.831372549019608
4.4348690752403,0.819607843137255
4.43818362611866,0.819607843137255
4.44149817699702,0.819607843137255
4.44481272787537,0.819607843137255
4.44812727875373,0.819607843137255
4.45144182963208,0.819607843137255
4.45475638051044,0.819607843137255
4.4580709313888,0.819607843137255
4.46138548226715,0.819607843137255
4.46470003314551,0.819607843137255
4.46801458402386,0.819607843137255
4.47132913490222,0.819607843137255
4.47464368578058,0.803921568627451
4.47795823665893,0.803921568627451
4.48127278753729,0.803921568627451
4.48458733841564,0.803921568627451
4.487901889294,0.803921568627451
4.49121644017236,0.803921568627451
4.49453099105071,0.803921568627451
4.49784554192907,0.803921568627451
4.50116009280742,0.803921568627451
4.50447464368578,0.803921568627451
4.50778919456414,0.803921568627451
4.51110374544249,0.803921568627451
4.51441829632085,0.803921568627451
4.5177328471992,0.788235294117647
4.52104739807756,0.788235294117647
4.52436194895592,0.788235294117647
4.52767649983427,0.788235294117647
4.53099105071263,0.788235294117647
4.53430560159098,0.788235294117647
4.53762015246934,0.788235294117647
4.5409347033477,0.788235294117647
4.54424925422605,0.788235294117647
4.54756380510441,0.788235294117647
4.55087835598276,0.788235294117647
4.55419290686112,0.788235294117647
4.55750745773948,0.776470588235294
4.56082200861783,0.776470588235294
4.56413655949619,0.776470588235294
4.56745111037454,0.776470588235294
4.5707656612529,0.776470588235294
4.57408021213126,0.776470588235294
4.57739476300961,0.776470588235294
4.58070931388797,0.776470588235294
4.58402386476632,0.776470588235294
4.58733841564468,0.776470588235294
4.59065296652304,0.776470588235294
4.59396751740139,0.776470588235294
4.59728206827975,0.776470588235294
4.6005966191581,0.76078431372549
4.60391117003646,0.76078431372549
4.60722572091482,0.76078431372549
4.61054027179317,0.76078431372549
4.61385482267153,0.76078431372549
4.61716937354988,0.76078431372549
4.62048392442824,0.76078431372549
4.6237984753066,0.76078431372549
4.62711302618495,0.76078431372549
4.63042757706331,0.76078431372549
4.63374212794166,0.76078431372549
4.63705667882002,0.76078431372549
4.64037122969838,0.749019607843137
4.64368578057673,0.749019607843137
4.64700033145509,0.749019607843137
4.65031488233344,0.749019607843137
4.6536294332118,0.749019607843137
4.65694398409016,0.749019607843137
4.66025853496851,0.749019607843137
4.66357308584687,0.749019607843137
4.66688763672522,0.749019607843137
4.67020218760358,0.749019607843137
4.67351673848194,0.749019607843137
4.67683128936029,0.749019607843137
4.68014584023865,0.749019607843137
4.683460391117,0.729411764705882
4.68677494199536,0.729411764705882
4.69008949287372,0.729411764705882
4.69340404375207,0.729411764705882
4.69671859463043,0.729411764705882
4.70003314550878,0.729411764705882
4.70334769638714,0.729411764705882
4.7066622472655,0.729411764705882
4.70997679814385,0.729411764705882
4.71329134902221,0.729411764705882
4.71660589990056,0.729411764705882
4.71992045077892,0.729411764705882
4.72323500165728,0.72156862745098
4.72654955253563,0.72156862745098
4.72986410341399,0.72156862745098
4.73317865429234,0.72156862745098
4.7364932051707,0.72156862745098
4.73980775604906,0.72156862745098
4.74312230692741,0.72156862745098
4.74643685780577,0.72156862745098
4.74975140868412,0.72156862745098
4.75306595956248,0.72156862745098
4.75638051044084,0.72156862745098
4.75969506131919,0.72156862745098
4.76300961219755,0.72156862745098
4.7663241630759,0.705882352941177
4.76963871395426,0.705882352941177
4.77295326483262,0.705882352941177
4.77626781571097,0.705882352941177
4.77958236658933,0.705882352941177
4.78289691746768,0.705882352941177
4.78621146834604,0.705882352941177
4.78952601922439,0.705882352941177
4.79284057010275,0.705882352941177
4.79615512098111,0.705882352941177
4.79946967185946,0.705882352941177
4.80278422273782,0.705882352941177
4.80609877361618,0.682352941176471
4.80941332449453,0.682352941176471
4.81272787537289,0.682352941176471
4.81604242625124,0.682352941176471
4.8193569771296,0.682352941176471
4.82267152800796,0.682352941176471
4.82598607888631,0.682352941176471
4.82930062976467,0.682352941176471
4.83261518064302,0.682352941176471
4.83592973152138,0.682352941176471
4.83924428239973,0.682352941176471
4.84255883327809,0.682352941176471
4.84587338415645,0.682352941176471
4.8491879350348,0.662745098039216
4.85250248591316,0.662745098039216
4.85581703679151,0.662745098039216
4.85913158766987,0.662745098039216
4.86244613854823,0.662745098039216
4.86576068942658,0.662745098039216
4.86907524030494,0.662745098039216
4.87238979118329,0.662745098039216
4.87570434206165,0.662745098039216
4.87901889294001,0.662745098039216
4.88233344381836,0.662745098039216
4.88564799469672,0.662745098039216
4.88896254557507,0.647058823529412
4.89227709645343,0.647058823529412
4.89559164733179,0.647058823529412
4.89890619821014,0.647058823529412
4.9022207490885,0.647058823529412
4.90553529996685,0.647058823529412
4.90884985084521,0.647058823529412
4.91216440172357,0.647058823529412
4.91547895260192,0.647058823529412
4.91879350348028,0.647058823529412
4.92210805435863,0.647058823529412
4.92542260523699,0.647058823529412
4.92873715611535,0.647058823529412
4.9320517069937,0.627450980392157
4.93536625787206,0.627450980392157
4.93868080875041,0.627450980392157
4.94199535962877,0.627450980392157
4.94530991050713,0.627450980392157
4.94862446138548,0.627450980392157
4.95193901226384,0.627450980392157
4.95525356314219,0.627450980392157
4.95856811402055,0.627450980392157
4.96188266489891,0.627450980392157
4.96519721577726,0.627450980392157
4.96851176665562,0.627450980392157
4.97182631753397,0.627450980392157
4.97514086841233,0.619607843137255
4.97845541929069,0.619607843137255
4.98176997016904,0.619607843137255
4.9850845210474,0.619607843137255
4.98839907192575,0.619607843137255
4.99171362280411,0.619607843137255
4.99502817368247,0.619607843137255
4.99834272456082,0.619607843137255
5.00165727543918,0.619607843137255
5.00497182631753,0.619607843137255
5.00828637719589,0.619607843137255
5.01160092807425,0.619607843137255
5.0149154789526,0.607843137254902
5.01823002983096,0.607843137254902
5.02154458070931,0.607843137254902
5.02485913158767,0.607843137254902
5.02817368246603,0.607843137254902
5.03148823334438,0.607843137254902
5.03480278422274,0.607843137254902
5.03811733510109,0.607843137254902
5.04143188597945,0.607843137254902
5.04474643685781,0.607843137254902
5.04806098773616,0.607843137254902
5.05137553861452,0.607843137254902
5.05469008949287,0.607843137254902
5.05800464037123,0.6
5.06131919124959,0.6
5.06463374212794,0.6
5.0679482930063,0.6
5.07126284388465,0.6
5.07457739476301,0.6
5.07789194564137,0.6
5.08120649651972,0.6
5.08452104739808,0.607843137254902
5.08783559827643,0.607843137254902
5.09115014915479,0.607843137254902
5.09446470003315,0.607843137254902
5.0977792509115,0.592156862745098
5.10109380178986,0.592156862745098
5.10440835266821,0.592156862745098
5.10772290354657,0.592156862745098
5.11103745442493,0.592156862745098
5.11435200530328,0.592156862745098
5.11766655618164,0.592156862745098
5.12098110705999,0.592156862745098
5.12429565793835,0.592156862745098
5.12761020881671,0.592156862745098
5.13092475969506,0.592156862745098
5.13423931057342,0.592156862745098
5.13755386145177,0.592156862745098
5.14086841233013,0.564705882352941
5.14418296320849,0.564705882352941
5.14749751408684,0.564705882352941
5.1508120649652,0.564705882352941
5.15412661584355,0.564705882352941
5.15744116672191,0.564705882352941
5.16075571760027,0.564705882352941
5.16407026847862,0.564705882352941
5.16738481935698,0.564705882352941
5.17069937023533,0.564705882352941
5.17401392111369,0.564705882352941
5.17732847199204,0.564705882352941
5.1806430228704,0.549019607843137
5.18395757374876,0.549019607843137
5.18727212462711,0.549019607843137
5.19058667550547,0.549019607843137
5.19390122638382,0.549019607843137
5.19721577726218,0.549019607843137
5.20053032814054,0.549019607843137
5.20384487901889,0.549019607843137
5.20715942989725,0.549019607843137
5.21047398077561,0.549019607843137
5.21378853165396,0.549019607843137
5.21710308253232,0.549019607843137
5.22041763341067,0.549019607843137
5.22373218428903,0.545098039215686
5.22704673516738,0.545098039215686
5.23036128604574,0.545098039215686
5.2336758369241,0.545098039215686
5.23699038780245,0.545098039215686
5.24030493868081,0.545098039215686
5.24361948955916,0.545098039215686
5.24693404043752,0.545098039215686
5.25024859131588,0.545098039215686
5.25356314219423,0.545098039215686
5.25687769307259,0.545098039215686
5.26019224395094,0.545098039215686
5.2635067948293,0.537254901960784
5.26682134570766,0.537254901960784
5.27013589658601,0.537254901960784
5.27345044746437,0.537254901960784
5.27676499834272,0.537254901960784
5.28007954922108,0.537254901960784
5.28339410009944,0.537254901960784
5.28670865097779,0.537254901960784
5.29002320185615,0.537254901960784
5.2933377527345,0.537254901960784
5.29665230361286,0.537254901960784
5.29996685449122,0.537254901960784
5.30328140536957,0.537254901960784
5.30659595624793,0.529411764705882
5.30991050712628,0.529411764705882
5.31322505800464,0.529411764705882
5.316539608883,0.529411764705882
5.31985415976135,0.529411764705882
5.32316871063971,0.529411764705882
5.32648326151806,0.529411764705882
5.32979781239642,0.529411764705882
5.33311236327478,0.529411764705882
5.33642691415313,0.529411764705882
5.33974146503149,0.529411764705882
5.34305601590984,0.529411764705882
5.3463705667882,0.505882352941176
5.34968511766656,0.505882352941176
5.35299966854491,0.505882352941176
5.35631421942327,0.505882352941176
5.35962877030162,0.505882352941176
5.36294332117998,0.505882352941176
5.36625787205834,0.505882352941176
5.36957242293669,0.505882352941176
5.37288697381505,0.505882352941176
5.3762015246934,0.505882352941176
5.37951607557176,0.505882352941176
5.38283062645012,0.505882352941176
5.38614517732847,0.505882352941176
5.38945972820683,0.494117647058824
5.39277427908518,0.494117647058824
5.39608882996354,0.494117647058824
5.3994033808419,0.494117647058824
5.40271793172025,0.494117647058824
5.40603248259861,0.494117647058824
5.40934703347696,0.494117647058824
5.41266158435532,0.494117647058824
5.41597613523368,0.494117647058824
5.41929068611203,0.494117647058824
5.42260523699039,0.494117647058824
5.42591978786874,0.494117647058824
5.4292343387471,0.47843137254902
5.43254888962546,0.47843137254902
5.43586344050381,0.47843137254902
5.43917799138217,0.47843137254902
5.44249254226052,0.47843137254902
5.44580709313888,0.47843137254902
5.44912164401724,0.47843137254902
5.45243619489559,0.47843137254902
5.45575074577395,0.47843137254902
5.4590652966523,0.47843137254902
5.46237984753066,0.47843137254902
5.46569439840902,0.47843137254902
5.46900894928737,0.47843137254902
5.47232350016573,0.490196078431373
5.47563805104408,0.490196078431373
5.47895260192244,0.490196078431373
5.4822671528008,0.490196078431373
5.48558170367915,0.490196078431373
5.48889625455751,0.490196078431373
5.49221080543586,0.490196078431373
5.49552535631422,0.490196078431373
5.49883990719258,0.490196078431373
5.50215445807093,0.490196078431373
5.50546900894929,0.490196078431373
5.50878355982764,0.490196078431373
5.512098110706,0.466666666666667
5.51541266158436,0.466666666666667
5.51872721246271,0.466666666666667
5.52204176334107,0.466666666666667
5.52535631421942,0.466666666666667
5.52867086509778,0.466666666666667
5.53198541597614,0.466666666666667
5.53529996685449,0.466666666666667
5.53861451773285,0.466666666666667
5.5419290686112,0.466666666666667
5.54524361948956,0.466666666666667
5.54855817036792,0.466666666666667
5.55187272124627,0.466666666666667
5.55518727212463,0.43921568627451
5.55850182300298,0.43921568627451
5.56181637388134,0.43921568627451
5.5651309247597,0.43921568627451
5.56844547563805,0.43921568627451
5.57176002651641,0.43921568627451
5.57507457739476,0.43921568627451
5.57838912827312,0.43921568627451
5.58170367915147,0.43921568627451
5.58501823002983,0.43921568627451
5.58833278090819,0.43921568627451
5.59164733178654,0.43921568627451
5.5949618826649,0.419607843137255
5.59827643354325,0.419607843137255
5.60159098442161,0.419607843137255
5.60490553529997,0.419607843137255
5.60822008617832,0.419607843137255
5.61153463705668,0.419607843137255
5.61484918793504,0.419607843137255
5.61816373881339,0.419607843137255
5.62147828969175,0.419607843137255
5.6247928405701,0.419607843137255
5.62810739144846,0.419607843137255
5.63142194232681,0.419607843137255
5.63473649320517,0.419607843137255
5.63805104408353,0.4
5.64136559496188,0.4
5.64468014584024,0.4
5.64799469671859,0.4
5.65130924759695,0.4
5.65462379847531,0.4
5.65793834935366,0.4
5.66125290023202,0.4
5.66456745111037,0.4
5.66788200198873,0.4
5.67119655286709,0.4
5.67451110374544,0.4
5.6778256546238,0.392156862745098
5.68114020550215,0.392156862745098
5.68445475638051,0.392156862745098
5.68776930725887,0.392156862745098
5.69108385813722,0.392156862745098
5.69439840901558,0.392156862745098
5.69771295989393,0.392156862745098
5.70102751077229,0.392156862745098
5.70434206165065,0.392156862745098
5.707656612529,0.392156862745098
5.71097116340736,0.392156862745098
5.71428571428571,0.392156862745098
5.71760026516407,0.392156862745098
5.72091481604243,0.376470588235294
5.72422936692078,0.376470588235294
5.72754391779914,0.376470588235294
5.73085846867749,0.376470588235294
5.73417301955585,0.376470588235294
5.73748757043421,0.376470588235294
5.74080212131256,0.376470588235294
5.74411667219092,0.376470588235294
5.74743122306927,0.376470588235294
5.75074577394763,0.376470588235294
5.75406032482599,0.376470588235294
5.75737487570434,0.376470588235294
5.7606894265827,0.368627450980392
5.76400397746105,0.368627450980392
5.76731852833941,0.368627450980392
5.77063307921777,0.368627450980392
5.77394763009612,0.368627450980392
5.77726218097448,0.368627450980392
5.78057673185283,0.368627450980392
5.78389128273119,0.368627450980392
5.78720583360955,0.368627450980392
5.7905203844879,0.368627450980392
5.79383493536626,0.368627450980392
5.79714948624461,0.368627450980392
5.80046403712297,0.368627450980392
5.80377858800133,0.356862745098039
5.80709313887968,0.356862745098039
5.81040768975804,0.356862745098039
5.81372224063639,0.356862745098039
5.81703679151475,0.356862745098039
5.82035134239311,0.356862745098039
5.82366589327146,0.356862745098039
5.82698044414982,0.356862745098039
5.83029499502817,0.356862745098039
5.83360954590653,0.356862745098039
5.83692409678489,0.356862745098039
5.84023864766324,0.356862745098039
5.8435531985416,0.352941176470588
5.84686774941995,0.352941176470588
5.85018230029831,0.352941176470588
5.85349685117667,0.352941176470588
5.85681140205502,0.352941176470588
5.86012595293338,0.352941176470588
5.86344050381173,0.352941176470588
5.86675505469009,0.352941176470588
5.87006960556845,0.352941176470588
5.8733841564468,0.352941176470588
5.87669870732516,0.352941176470588
5.88001325820351,0.352941176470588
5.88332780908187,0.352941176470588
5.88664235996023,0.345098039215686
5.88995691083858,0.345098039215686
5.89327146171694,0.345098039215686
5.89658601259529,0.345098039215686
5.89990056347365,0.345098039215686
5.90321511435201,0.345098039215686
5.90652966523036,0.345098039215686
5.90984421610872,0.345098039215686
5.91315876698707,0.345098039215686
5.91647331786543,0.345098039215686
5.91978786874378,0.345098039215686
5.92310241962214,0.345098039215686
5.9264169705005,0.345098039215686
5.92973152137885,0.341176470588235
5.93304607225721,0.341176470588235
5.93636062313557,0.341176470588235
5.93967517401392,0.341176470588235
5.94298972489228,0.341176470588235
5.94630427577063,0.341176470588235
5.94961882664899,0.341176470588235
5.95293337752735,0.341176470588235
5.9562479284057,0.341176470588235
5.95956247928406,0.341176470588235
5.96287703016241,0.341176470588235
5.96619158104077,0.341176470588235
5.96950613191913,0.337254901960784
5.97282068279748,0.337254901960784
5.97613523367584,0.337254901960784
5.97944978455419,0.337254901960784
5.98276433543255,0.337254901960784
5.9860788863109,0.337254901960784
5.98939343718926,0.337254901960784
5.99270798806762,0.337254901960784
5.99602253894597,0.337254901960784
5.99933708982433,0.337254901960784
6.00265164070268,0.337254901960784
6.00596619158104,0.337254901960784
6.0092807424594,0.337254901960784
6.01259529333775,0.333333333333333
6.01590984421611,0.333333333333333
6.01922439509447,0.333333333333333
6.02253894597282,0.333333333333333
6.02585349685118,0.333333333333333
6.02916804772953,0.333333333333333
6.03248259860789,0.333333333333333
6.03579714948624,0.333333333333333
6.0391117003646,0.333333333333333
6.04242625124296,0.333333333333333
6.04574080212131,0.333333333333333
6.04905535299967,0.333333333333333
6.05236990387802,0.32156862745098
6.05568445475638,0.32156862745098
6.05899900563474,0.32156862745098
6.06231355651309,0.32156862745098
6.06562810739145,0.32156862745098
6.0689426582698,0.32156862745098
6.07225720914816,0.32156862745098
6.07557176002652,0.32156862745098
6.07888631090487,0.32156862745098
6.08220086178323,0.32156862745098
6.08551541266158,0.32156862745098
6.08882996353994,0.32156862745098
6.0921445144183,0.32156862745098
6.09545906529665,0.317647058823529
6.09877361617501,0.317647058823529
6.10208816705336,0.317647058823529
6.10540271793172,0.317647058823529
6.10871726881008,0.317647058823529
6.11203181968843,0.317647058823529
6.11534637056679,0.317647058823529
6.11866092144514,0.317647058823529
6.1219754723235,0.317647058823529
6.12529002320186,0.317647058823529
6.12860457408021,0.317647058823529
6.13191912495857,0.317647058823529
6.13523367583692,0.305882352941176
6.13854822671528,0.305882352941176
6.14186277759364,0.305882352941176
6.14517732847199,0.305882352941176
6.14849187935035,0.305882352941176
6.1518064302287,0.305882352941176
6.15512098110706,0.305882352941176
6.15843553198542,0.305882352941176
6.16175008286377,0.305882352941176
6.16506463374213,0.305882352941176
6.16837918462048,0.305882352941176
6.17169373549884,0.305882352941176
6.1750082863772,0.305882352941176
6.17832283725555,0.301960784313725
6.18163738813391,0.301960784313725
6.18495193901226,0.301960784313725
6.18826648989062,0.301960784313725
6.19158104076898,0.301960784313725
6.19489559164733,0.301960784313725
6.19821014252569,0.301960784313725
6.20152469340404,0.301960784313725
6.2048392442824,0.301960784313725
6.20815379516076,0.301960784313725
6.21146834603911,0.301960784313725
6.21478289691747,0.301960784313725
6.21809744779582,0.290196078431373
6.22141199867418,0.290196078431373
6.22472654955254,0.290196078431373
6.22804110043089,0.290196078431373
6.23135565130925,0.290196078431373
6.2346702021876,0.290196078431373
6.23798475306596,0.290196078431373
6.24129930394432,0.290196078431373
6.24461385482267,0.290196078431373
6.24792840570103,0.290196078431373
6.25124295657938,0.290196078431373
6.25455750745774,0.290196078431373
6.2578720583361,0.290196078431373
6.26118660921445,0.290196078431373
6.26450116009281,0.290196078431373
6.26781571097116,0.290196078431373
6.27113026184952,0.290196078431373
6.27444481272788,0.290196078431373
6.27775936360623,0.290196078431373
6.28107391448459,0.290196078431373
6.28438846536294,0.290196078431373
6.2877030162413,0.290196078431373
6.29101756711966,0.290196078431373
6.29433211799801,0.290196078431373
6.29764666887637,0.290196078431373
6.30096121975472,0.290196078431373
6.30427577063308,0.290196078431373
6.30759032151144,0.290196078431373
6.31090487238979,0.290196078431373
6.31421942326815,0.290196078431373
6.3175339741465,0.290196078431373
6.32084852502486,0.290196078431373
6.32416307590321,0.290196078431373
6.32747762678157,0.290196078431373
6.33079217765993,0.290196078431373
6.33410672853828,0.290196078431373
6.33742127941664,0.290196078431373
6.34073583029499,0.290196078431373
6.34405038117335,0.294117647058824
6.34736493205171,0.294117647058824
6.35067948293006,0.294117647058824
6.35399403380842,0.294117647058824
6.35730858468678,0.294117647058824
6.36062313556513,0.294117647058824
6.36393768644349,0.294117647058824
6.36725223732184,0.294117647058824
6.3705667882002,0.294117647058824
6.37388133907855,0.294117647058824
6.37719588995691,0.294117647058824
6.38051044083527,0.294117647058824
6.38382499171362,0.286274509803922
6.38713954259198,0.286274509803922
6.39045409347033,0.286274509803922
6.39376864434869,0.286274509803922
6.39708319522705,0.286274509803922
6.4003977461054,0.286274509803922
6.40371229698376,0.286274509803922
6.40702684786211,0.286274509803922
6.41034139874047,0.286274509803922
6.41365594961883,0.286274509803922
6.41697050049718,0.286274509803922
6.42028505137554,0.286274509803922
6.4235996022539,0.286274509803922
6.42691415313225,0.282352941176471
6.43022870401061,0.282352941176471
6.43354325488896,0.282352941176471
6.43685780576732,0.282352941176471
6.44017235664567,0.282352941176471
6.44348690752403,0.282352941176471
6.44680145840239,0.282352941176471
6.45011600928074,0.282352941176471
6.4534305601591,0.282352941176471
6.45674511103745,0.282352941176471
6.46005966191581,0.282352941176471
6.46337421279417,0.282352941176471
6.46668876367252,0.266666666666667
6.47000331455088,0.266666666666667
6.47331786542923,0.266666666666667
6.47663241630759,0.266666666666667
6.47994696718595,0.266666666666667
6.4832615180643,0.266666666666667
6.48657606894266,0.266666666666667
6.48989061982101,0.266666666666667
6.49320517069937,0.266666666666667
6.49651972157773,0.266666666666667
6.49983427245608,0.266666666666667
6.50314882333444,0.266666666666667
6.50646337421279,0.266666666666667
6.50977792509115,0.266666666666667
6.51309247596951,0.266666666666667
6.51640702684786,0.266666666666667
6.51972157772622,0.266666666666667
6.52303612860457,0.266666666666667
6.52635067948293,0.266666666666667
6.52966523036129,0.266666666666667
6.53297978123964,0.266666666666667
6.536294332118,0.266666666666667
6.53960888299635,0.266666666666667
6.54292343387471,0.266666666666667
6.54623798475307,0.266666666666667
6.54955253563142,0.262745098039216
6.55286708650978,0.262745098039216
6.55618163738813,0.262745098039216
6.55949618826649,0.262745098039216
6.56281073914485,0.262745098039216
6.5661252900232,0.262745098039216
6.56943984090156,0.262745098039216
6.57275439177991,0.262745098039216
6.57606894265827,0.262745098039216
6.57938349353663,0.262745098039216
6.58269804441498,0.262745098039216
6.58601259529334,0.262745098039216
6.58932714617169,0.262745098039216
6.59264169705005,0.262745098039216
6.59595624792841,0.262745098039216
6.59927079880676,0.262745098039216
6.60258534968512,0.262745098039216
6.60589990056347,0.262745098039216
6.60921445144183,0.262745098039216
6.61252900232019,0.262745098039216
6.61584355319854,0.262745098039216
6.6191581040769,0.262745098039216
6.62247265495525,0.262745098039216
6.62578720583361,0.262745098039216
6.62910175671197,0.262745098039216
6.63241630759032,0.258823529411765
6.63573085846868,0.258823529411765
6.63904540934703,0.258823529411765
6.64235996022539,0.258823529411765
6.64567451110375,0.258823529411765
6.6489890619821,0.258823529411765
6.65230361286046,0.258823529411765
6.65561816373881,0.258823529411765
6.65893271461717,0.258823529411765
6.66224726549552,0.258823529411765
6.66556181637388,0.258823529411765
6.66887636725224,0.258823529411765
6.67219091813059,0.258823529411765
6.67550546900895,0.247058823529412
6.67882001988731,0.247058823529412
6.68213457076566,0.247058823529412
6.68544912164402,0.247058823529412
6.68876367252237,0.247058823529412
6.69207822340073,0.247058823529412
6.69539277427909,0.247058823529412
6.69870732515744,0.247058823529412
6.7020218760358,0.247058823529412
6.70533642691415,0.247058823529412
6.70865097779251,0.247058823529412
6.71196552867087,0.247058823529412
6.71528007954922,0.243137254901961
6.71859463042758,0.243137254901961
6.72190918130593,0.243137254901961
6.72522373218429,0.243137254901961
6.72853828306264,0.243137254901961
6.731852833941,0.243137254901961
6.73516738481936,0.243137254901961
6.73848193569771,0.243137254901961
6.74179648657607,0.243137254901961
6.74511103745442,0.243137254901961
6.74842558833278,0.243137254901961
6.75174013921114,0.243137254901961
6.75505469008949,0.243137254901961
6.75836924096785,0.23921568627451
6.76168379184621,0.23921568627451
6.76499834272456,0.23921568627451
6.76831289360292,0.23921568627451
6.77162744448127,0.23921568627451
6.77494199535963,0.23921568627451
6.77825654623798,0.23921568627451
6.78157109711634,0.23921568627451
6.7848856479947,0.23921568627451
6.78820019887305,0.23921568627451
6.79151474975141,0.23921568627451
6.79482930062976,0.23921568627451
6.79814385150812,0.254901960784314
6.80145840238648,0.254901960784314
6.80477295326483,0.254901960784314
6.80808750414319,0.254901960784314
6.81140205502154,0.254901960784314
6.8147166058999,0.254901960784314
6.81803115677826,0.254901960784314
6.82134570765661,0.254901960784314
6.82466025853497,0.254901960784314
6.82797480941332,0.254901960784314
6.83128936029168,0.254901960784314
6.83460391117004,0.254901960784314
6.83791846204839,0.254901960784314
6.84123301292675,0.254901960784314
6.8445475638051,0.254901960784314
6.84786211468346,0.254901960784314
6.85117666556182,0.254901960784314
6.85449121644017,0.254901960784314
6.85780576731853,0.254901960784314
6.86112031819688,0.254901960784314
6.86443486907524,0.254901960784314
6.8677494199536,0.254901960784314
6.87106397083195,0.254901960784314
6.87437852171031,0.254901960784314
6.87769307258866,0.254901960784314
6.88100762346702,0.254901960784314
6.88432217434538,0.250980392156863
6.88763672522373,0.250980392156863
6.89095127610209,0.250980392156863
6.89426582698044,0.250980392156863
6.8975803778588,0.250980392156863
6.90089492873716,0.250980392156863
6.90420947961551,0.250980392156863
6.90752403049387,0.250980392156863
6.91083858137222,0.250980392156863
6.91415313225058,0.250980392156863
6.91746768312894,0.250980392156863
6.92078223400729,0.250980392156863
6.92409678488565,0.23921568627451
6.927411335764,0.23921568627451
6.93072588664236,0.23921568627451
6.93404043752072,0.23921568627451
6.93735498839907,0.23921568627451
6.94066953927743,0.23921568627451
6.94398409015578,0.23921568627451
6.94729864103414,0.23921568627451
6.9506131919125,0.23921568627451
6.95392774279085,0.23921568627451
6.95724229366921,0.23921568627451
6.96055684454756,0.23921568627451
6.96387139542592,0.23921568627451
6.96718594630428,0.23921568627451
6.97050049718263,0.23921568627451
6.97381504806099,0.23921568627451
6.97712959893934,0.23921568627451
6.9804441498177,0.23921568627451
6.98375870069606,0.23921568627451
6.98707325157441,0.23921568627451
6.99038780245277,0.23921568627451
6.99370235333112,0.23921568627451
6.99701690420948,0.23921568627451
7.00033145508784,0.23921568627451
7.00364600596619,0.23921568627451
7.00696055684455,0.231372549019608
7.0102751077229,0.231372549019608
7.01358965860126,0.231372549019608
7.01690420947962,0.231372549019608
7.02021876035797,0.231372549019608
7.02353331123633,0.231372549019608
7.02684786211468,0.231372549019608
7.03016241299304,0.231372549019608
7.0334769638714,0.231372549019608
7.03679151474975,0.231372549019608
7.04010606562811,0.231372549019608
7.04342061650646,0.231372549019608
7.04673516738482,0.231372549019608
7.05004971826318,0.231372549019608
7.05336426914153,0.231372549019608
7.05667882001989,0.231372549019608
7.05999337089824,0.231372549019608
7.0633079217766,0.231372549019608
7.06662247265495,0.231372549019608
7.06993702353331,0.231372549019608
7.07325157441167,0.231372549019608
7.07656612529002,0.231372549019608
7.07988067616838,0.231372549019608
7.08319522704674,0.231372549019608
7.08650977792509,0.231372549019608
7.08982432880345,0.227450980392157
7.0931388796818,0.227450980392157
7.09645343056016,0.227450980392157
7.09976798143852,0.227450980392157
7.10308253231687,0.227450980392157
7.10639708319523,0.227450980392157
7.10971163407358,0.227450980392157
7.11302618495194,0.227450980392157
7.11634073583029,0.227450980392157
7.11965528670865,0.227450980392157
7.12296983758701,0.227450980392157
7.12628438846536,0.227450980392157
7.12959893934372,0.227450980392157
7.13291349022207,0.196078431372549
7.13622804110043,0.196078431372549
7.13954259197879,0.196078431372549
7.14285714285714,0.196078431372549
7.1461716937355,0.196078431372549
7.14948624461385,0.196078431372549
7.15280079549221,0.196078431372549
7.15611534637057,0.196078431372549
7.15942989724892,0.196078431372549
7.16274444812728,0.196078431372549
7.16605899900564,0.196078431372549
7.16937354988399,0.196078431372549
7.17268810076235,0.196078431372549
7.1760026516407,0.196078431372549
7.17931720251906,0.196078431372549
7.18263175339741,0.196078431372549
7.18594630427577,0.196078431372549
7.18926085515413,0.196078431372549
7.19257540603248,0.196078431372549
7.19588995691084,0.196078431372549
7.19920450778919,0.196078431372549
7.20251905866755,0.196078431372549
7.20583360954591,0.196078431372549
7.20914816042426,0.196078431372549
7.21246271130262,0.196078431372549
7.21577726218097,0.203921568627451
7.21909181305933,0.203921568627451
7.22240636393769,0.203921568627451
7.22572091481604,0.203921568627451
7.2290354656944,0.203921568627451
7.23235001657275,0.203921568627451
7.23566456745111,0.203921568627451
7.23897911832947,0.203921568627451
7.24229366920782,0.203921568627451
7.24560822008618,0.203921568627451
7.24892277096453,0.203921568627451
7.25223732184289,0.203921568627451
7.25555187272125,0.203921568627451
7.2588664235996,0.203921568627451
7.26218097447796,0.203921568627451
7.26549552535631,0.203921568627451
7.26881007623467,0.203921568627451
7.27212462711303,0.203921568627451
7.27543917799138,0.203921568627451
7.27875372886974,0.203921568627451
7.28206827974809,0.203921568627451
7.28538283062645,0.203921568627451
7.28869738150481,0.203921568627451
7.29201193238316,0.203921568627451
7.29532648326152,0.203921568627451
7.29864103413987,0.188235294117647
7.30195558501823,0.188235294117647
7.30527013589659,0.188235294117647
7.30858468677494,0.188235294117647
7.3118992376533,0.188235294117647
7.31521378853165,0.188235294117647
7.31852833941001,0.188235294117647
7.32184289028837,0.188235294117647
7.32515744116672,0.188235294117647
7.32847199204508,0.188235294117647
7.33178654292343,0.188235294117647
7.33510109380179,0.188235294117647
7.33841564468015,0.176470588235294
7.3417301955585,0.176470588235294
7.34504474643686,0.176470588235294
7.34835929731521,0.176470588235294
7.35167384819357,0.176470588235294
7.35498839907193,0.176470588235294
7.35830294995028,0.176470588235294
7.36161750082864,0.176470588235294
7.36493205170699,0.176470588235294
7.36824660258535,0.176470588235294
7.37156115346371,0.176470588235294
7.37487570434206,0.176470588235294
7.37819025522042,0.176470588235294
7.38150480609877,0.16078431372549
7.38481935697713,0.16078431372549
7.38813390785549,0.16078431372549
7.39144845873384,0.16078431372549
7.3947630096122,0.16078431372549
7.39807756049055,0.16078431372549
7.40139211136891,0.16078431372549
7.40470666224727,0.16078431372549
7.40802121312562,0.16078431372549
7.41133576400398,0.16078431372549
7.41465031488233,0.16078431372549
7.41796486576069,0.16078431372549
7.42127941663905,0.156862745098039
7.4245939675174,0.156862745098039
7.42790851839576,0.156862745098039
7.43122306927411,0.156862745098039
7.43453762015247,0.156862745098039
7.43785217103083,0.156862745098039
7.44116672190918,0.156862745098039
7.44448127278754,0.156862745098039
7.44779582366589,0.156862745098039
7.45111037454425,0.156862745098039
7.45442492542261,0.156862745098039
7.45773947630096,0.156862745098039
7.46105402717932,0.156862745098039
7.46436857805767,0.137254901960784
7.46768312893603,0.137254901960784
7.47099767981438,0.137254901960784
7.47431223069274,0.137254901960784
7.4776267815711,0.137254901960784
7.48094133244945,0.137254901960784
7.48425588332781,0.137254901960784
7.48757043420617,0.137254901960784
7.49088498508452,0.137254901960784
7.49419953596288,0.137254901960784
7.49751408684123,0.137254901960784
7.50082863771959,0.137254901960784
7.50414318859795,0.152941176470588
7.5074577394763,0.152941176470588
7.51077229035466,0.152941176470588
7.51408684123301,0.152941176470588
7.51740139211137,0.152941176470588
7.52071594298972,0.152941176470588
7.52403049386808,0.152941176470588
7.52734504474644,0.152941176470588
7.53065959562479,0.152941176470588
7.53397414650315,0.152941176470588
7.5372886973815,0.152941176470588
7.54060324825986,0.152941176470588
7.54391779913822,0.152941176470588
7.54723235001657,0.16078431372549
7.55054690089493,0.16078431372549
7.55386145177328,0.16078431372549
7.55717600265164,0.16078431372549
7.56049055353,0.16078431372549
7.56380510440835,0.16078431372549
7.56711965528671,0.16078431372549
7.57043420616506,0.16078431372549
7.57374875704342,0.16078431372549
7.57706330792178,0.16078431372549
7.58037785880013,0.16078431372549
7.58369240967849,0.16078431372549
7.58700696055684,0.16078431372549
7.5903215114352,0.16078431372549
7.59363606231356,0.16078431372549
7.59695061319191,0.16078431372549
7.60026516407027,0.16078431372549
7.60357971494862,0.16078431372549
7.60689426582698,0.16078431372549
7.61020881670534,0.16078431372549
7.61352336758369,0.16078431372549
7.61683791846205,0.16078431372549
7.6201524693404,0.16078431372549
7.62346702021876,0.16078431372549
7.62678157109712,0.16078431372549
7.63009612197547,0.141176470588235
7.63341067285383,0.141176470588235
7.63672522373218,0.141176470588235
7.64003977461054,0.141176470588235
7.6433543254889,0.141176470588235
7.64666887636725,0.141176470588235
7.64998342724561,0.141176470588235
7.65329797812396,0.141176470588235
7.65661252900232,0.141176470588235
7.65992707988068,0.141176470588235
7.66324163075903,0.141176470588235
7.66655618163739,0.141176470588235
7.66987073251574,0.129411764705882
7.6731852833941,0.129411764705882
7.67649983427246,0.129411764705882
7.67981438515081,0.129411764705882
7.68312893602917,0.129411764705882
7.68644348690752,0.129411764705882
7.68975803778588,0.129411764705882
7.69307258866424,0.129411764705882
7.69638713954259,0.129411764705882
7.69970169042095,0.129411764705882
7.7030162412993,0.129411764705882
7.70633079217766,0.129411764705882
7.70964534305602,0.129411764705882
7.71295989393437,0.133333333333333
7.71627444481273,0.133333333333333
7.71958899569108,0.133333333333333
7.72290354656944,0.133333333333333
7.7262180974478,0.133333333333333
7.72953264832615,0.133333333333333
7.73284719920451,0.133333333333333
7.73616175008286,0.133333333333333
7.73947630096122,0.133333333333333
7.74279085183958,0.133333333333333
7.74610540271793,0.133333333333333
7.74941995359629,0.133333333333333
7.75273450447464,0.133333333333333
7.756049055353,0.133333333333333
7.75936360623136,0.133333333333333
7.76267815710971,0.133333333333333
7.76599270798807,0.133333333333333
7.76930725886642,0.133333333333333
7.77262180974478,0.133333333333333
7.77593636062314,0.133333333333333
7.77925091150149,0.133333333333333
7.78256546237985,0.133333333333333
7.7858800132582,0.133333333333333
7.78919456413656,0.133333333333333
7.79250911501492,0.133333333333333
7.79582366589327,0.125490196078431
7.79913821677163,0.125490196078431
7.80245276764998,0.125490196078431
7.80576731852834,0.125490196078431
7.8090818694067,0.125490196078431
7.81239642028505,0.125490196078431
7.81571097116341,0.125490196078431
7.81902552204176,0.125490196078431
7.82234007292012,0.125490196078431
7.82565462379848,0.125490196078431
7.82896917467683,0.125490196078431
7.83228372555519,0.125490196078431
7.83559827643354,0.125490196078431
7.8389128273119,0.117647058823529
7.84222737819026,0.117647058823529
7.84554192906861,0.117647058823529
7.84885647994697,0.117647058823529
7.85217103082532,0.117647058823529
7.85548558170368,0.117647058823529
7.85880013258203,0.117647058823529
7.86211468346039,0.117647058823529
7.86542923433875,0.117647058823529
7.8687437852171,0.117647058823529
7.87205833609546,0.117647058823529
7.87537288697381,0.117647058823529
7.87868743785217,0.117647058823529
7.88200198873053,0.117647058823529
7.88531653960888,0.117647058823529
7.88863109048724,0.117647058823529
7.8919456413656,0.117647058823529
7.89526019224395,0.117647058823529
7.89857474312231,0.117647058823529
7.90188929400066,0.117647058823529
7.90520384487902,0.117647058823529
7.90851839575738,0.117647058823529
7.91183294663573,0.117647058823529
7.91514749751409,0.117647058823529
7.91846204839244,0.117647058823529
7.9217765992708,0.109803921568627
7.92509115014915,0.109803921568627
7.92840570102751,0.109803921568627
7.93172025190587,0.109803921568627
7.93503480278422,0.109803921568627
7.93834935366258,0.109803921568627
7.94166390454093,0.109803921568627
7.94497845541929,0.109803921568627
7.94829300629765,0.109803921568627
7.951607557176,0.109803921568627
7.95492210805436,0.109803921568627
7.95823665893271,0.109803921568627
7.96155120981107,0.109803921568627
7.96486576068943,0.109803921568627
7.96818031156778,0.109803921568627
7.97149486244614,0.109803921568627
7.97480941332449,0.109803921568627
7.97812396420285,0.109803921568627
7.98143851508121,0.109803921568627
7.98475306595956,0.109803921568627
7.98806761683792,0.109803921568627
7.99138216771627,0.109803921568627
7.99469671859463,0.109803921568627
7.99801126947299,0.109803921568627
8.00132582035134,0.109803921568627
8.0046403712297,0.101960784313725
8.00795492210805,0.101960784313725
8.01126947298641,0.101960784313725
8.01458402386477,0.101960784313725
8.01789857474312,0.101960784313725
8.02121312562148,0.101960784313725
8.02452767649983,0.101960784313725
8.02784222737819,0.101960784313725
8.03115677825655,0.101960784313725
8.0344713291349,0.101960784313725
8.03778588001326,0.101960784313725
8.04110043089161,0.101960784313725
8.04441498176997,0.101960784313725
8.04772953264833,0.101960784313725
8.05104408352668,0.101960784313725
8.05435863440504,0.101960784313725
8.05767318528339,0.101960784313725
8.06098773616175,0.101960784313725
8.06430228704011,0.101960784313725
8.06761683791846,0.101960784313725
8.07093138879682,0.101960784313725
8.07424593967517,0.101960784313725
8.07756049055353,0.101960784313725
8.08087504143189,0.101960784313725
8.08418959231024,0.101960784313725
8.0875041431886,0.0980392156862745
8.09081869406695,0.0980392156862745
8.09413324494531,0.0980392156862745
8.09744779582367,0.0980392156862745
8.10076234670202,0.0980392156862745
8.10407689758038,0.0980392156862745
8.10739144845873,0.0980392156862745
8.11070599933709,0.0980392156862745
8.11402055021545,0.0980392156862745
8.1173351010938,0.0980392156862745
8.12064965197216,0.0980392156862745
8.12396420285051,0.0980392156862745
8.12727875372887,0.101960784313725
8.13059330460723,0.101960784313725
8.13390785548558,0.101960784313725
8.13722240636394,0.101960784313725
8.14053695724229,0.101960784313725
8.14385150812065,0.101960784313725
8.14716605899901,0.101960784313725
8.15048060987736,0.101960784313725
8.15379516075572,0.101960784313725
8.15710971163407,0.101960784313725
8.16042426251243,0.101960784313725
8.16373881339079,0.101960784313725
8.16705336426914,0.101960784313725
8.1703679151475,0.0901960784313725
8.17368246602585,0.0901960784313725
8.17699701690421,0.0901960784313725
8.18031156778257,0.0901960784313725
8.18362611866092,0.0901960784313725
8.18694066953928,0.0901960784313725
8.19025522041763,0.0901960784313725
8.19356977129599,0.0901960784313725
8.19688432217434,0.0901960784313725
8.2001988730527,0.0901960784313725
8.20351342393106,0.0901960784313725
8.20682797480941,0.0901960784313725
8.21014252568777,0.0901960784313725
8.21345707656613,0.0901960784313725
8.21677162744448,0.0901960784313725
8.22008617832284,0.0901960784313725
8.22340072920119,0.0901960784313725
8.22671528007955,0.0901960784313725
8.23002983095791,0.0901960784313725
8.23334438183626,0.0901960784313725
8.23665893271462,0.0901960784313725
8.23997348359297,0.0901960784313725
8.24328803447133,0.0901960784313725
8.24660258534968,0.0901960784313725
8.24991713622804,0.0901960784313725
8.2532316871064,0.0862745098039216
8.25654623798475,0.0862745098039216
8.25986078886311,0.0862745098039216
8.26317533974147,0.0862745098039216
8.26648989061982,0.0862745098039216
8.26980444149818,0.0862745098039216
8.27311899237653,0.0862745098039216
8.27643354325489,0.0862745098039216
8.27974809413324,0.0862745098039216
8.2830626450116,0.0862745098039216
8.28637719588996,0.0862745098039216
8.28969174676831,0.0862745098039216
8.29300629764667,0.0823529411764706
8.29632084852502,0.0823529411764706
8.29963539940338,0.0823529411764706
8.30294995028174,0.0823529411764706
8.30626450116009,0.0823529411764706
8.30957905203845,0.0823529411764706
8.31289360291681,0.0823529411764706
8.31620815379516,0.0823529411764706
8.31952270467352,0.0823529411764706
8.32283725555187,0.0823529411764706
8.32615180643023,0.0823529411764706
8.32946635730858,0.0823529411764706
8.33278090818694,0.0823529411764706
8.3360954590653,0.0784313725490196
8.33941000994365,0.0784313725490196
8.34272456082201,0.0784313725490196
8.34603911170036,0.0784313725490196
8.34935366257872,0.0784313725490196
8.35266821345708,0.0784313725490196
8.35598276433543,0.0784313725490196
8.35929731521379,0.0784313725490196
8.36261186609214,0.0784313725490196
8.3659264169705,0.0784313725490196
8.36924096784886,0.0784313725490196
8.37255551872721,0.0784313725490196
8.37587006960557,0.0705882352941176
8.37918462048392,0.0705882352941176
8.38249917136228,0.0705882352941176
8.38581372224064,0.0705882352941176
8.38912827311899,0.0705882352941176
8.39244282399735,0.0705882352941176
8.3957573748757,0.0705882352941176
8.39907192575406,0.0705882352941176
8.40238647663242,0.0705882352941176
8.40570102751077,0.0705882352941176
8.40901557838913,0.0705882352941176
8.41233012926748,0.0705882352941176
8.41564468014584,0.0705882352941176
8.4189592310242,0.0627450980392157
8.42227378190255,0.0627450980392157
8.42558833278091,0.0627450980392157
8.42890288365926,0.0627450980392157
8.43221743453762,0.0627450980392157
8.43553198541598,0.0627450980392157
8.43884653629433,0.0627450980392157
8.44216108717269,0.0627450980392157
8.44547563805104,0.0627450980392157
8.4487901889294,0.0627450980392157
8.45210473980776,0.0627450980392157
8.45541929068611,0.0627450980392157
8.45873384156447,0.0549019607843137
8.46204839244282,0.0549019607843137
8.46536294332118,0.0549019607843137
8.46867749419954,0.0549019607843137
8.47199204507789,0.0549019607843137
8.47530659595625,0.0549019607843137
8.4786211468346,0.0549019607843137
8.48193569771296,0.0549019607843137
8.48525024859132,0.0549019607843137
8.48856479946967,0.0549019607843137
8.49187935034803,0.0549019607843137
8.49519390122638,0.0549019607843137
8.49850845210474,0.0549019607843137
8.5018230029831,0.0470588235294118
8.50513755386145,0.0470588235294118
8.50845210473981,0.0470588235294118
8.51176665561816,0.0470588235294118
8.51508120649652,0.0666666666666667
8.51839575737488,0.0666666666666667
8.52171030825323,0.0666666666666667
8.52502485913159,0.0666666666666667
8.52833941000994,0.0666666666666667
8.5316539608883,0.0666666666666667
8.53496851176665,0.0666666666666667
8.53828306264501,0.0666666666666667
8.54159761352337,0.0705882352941176
8.54491216440172,0.0705882352941176
8.54822671528008,0.0705882352941176
8.55154126615844,0.0705882352941176
8.55485581703679,0.0705882352941176
8.55817036791515,0.0705882352941176
8.5614849187935,0.0705882352941176
8.56479946967186,0.0705882352941176
8.56811402055022,0.0705882352941176
8.57142857142857,0.0705882352941176
8.57474312230693,0.0705882352941176
8.57805767318528,0.0705882352941176
8.58137222406364,0.0705882352941176
8.58468677494199,0.0588235294117647
8.58800132582035,0.0588235294117647
8.59131587669871,0.0588235294117647
8.59463042757706,0.0588235294117647
8.59794497845542,0.0588235294117647
8.60125952933378,0.0588235294117647
8.60457408021213,0.0588235294117647
8.60788863109049,0.0588235294117647
8.61120318196884,0.0588235294117647
8.6145177328472,0.0588235294117647
8.61783228372555,0.0588235294117647
8.62114683460391,0.0588235294117647
8.62446138548227,0.0666666666666667
8.62777593636062,0.0666666666666667
8.63109048723898,0.0666666666666667
8.63440503811733,0.0666666666666667
8.63771958899569,0.0666666666666667
8.64103413987405,0.0666666666666667
8.6443486907524,0.0666666666666667
8.64766324163076,0.0666666666666667
8.65097779250912,0.0666666666666667
8.65429234338747,0.0666666666666667
8.65760689426583,0.0666666666666667
8.66092144514418,0.0666666666666667
8.66423599602254,0.0666666666666667
8.66755054690089,0.0588235294117647
8.67086509777925,0.0588235294117647
8.67417964865761,0.0588235294117647
8.67749419953596,0.0588235294117647
8.68080875041432,0.0588235294117647
8.68412330129267,0.0588235294117647
8.68743785217103,0.0588235294117647
8.69075240304939,0.0588235294117647
8.69406695392774,0.0588235294117647
8.6973815048061,0.0588235294117647
8.70069605568446,0.0588235294117647
8.70401060656281,0.0588235294117647
8.70732515744117,0.0666666666666667
8.71063970831952,0.0666666666666667
8.71395425919788,0.0666666666666667
8.71726881007623,0.0666666666666667
8.72058336095459,0.0666666666666667
8.72389791183295,0.0666666666666667
8.7272124627113,0.0666666666666667
8.73052701358966,0.0666666666666667
8.73384156446802,0.0666666666666667
8.73715611534637,0.0666666666666667
8.74047066622473,0.0666666666666667
8.74378521710308,0.0666666666666667
8.74709976798144,0.0666666666666667
8.75041431885979,0.0588235294117647
8.75372886973815,0.0588235294117647
8.75704342061651,0.0588235294117647
8.76035797149486,0.0588235294117647
8.76367252237322,0.0588235294117647
8.76698707325157,0.0588235294117647
8.77030162412993,0.0588235294117647
8.77361617500829,0.0588235294117647
8.77693072588664,0.0588235294117647
8.780245276765,0.0588235294117647
8.78355982764336,0.0588235294117647
8.78687437852171,0.0588235294117647
8.79018892940007,0.0588235294117647
8.79350348027842,0.0666666666666667
8.79681803115678,0.0666666666666667
8.80013258203513,0.0666666666666667
8.80344713291349,0.0666666666666667
8.80676168379185,0.0666666666666667
8.8100762346702,0.0666666666666667
8.81339078554856,0.0666666666666667
8.81670533642691,0.0666666666666667
8.82001988730527,0.0666666666666667
8.82333443818363,0.0666666666666667
8.82664898906198,0.0666666666666667
8.82996353994034,0.0666666666666667
8.83327809081869,0.0627450980392157
8.83659264169705,0.0627450980392157
8.83990719257541,0.0627450980392157
8.84322174345376,0.0627450980392157
8.84653629433212,0.0627450980392157
8.84985084521047,0.0627450980392157
8.85316539608883,0.0627450980392157
8.85647994696719,0.0627450980392157
8.85979449784554,0.0627450980392157
8.8631090487239,0.0627450980392157
8.86642359960225,0.0627450980392157
8.86973815048061,0.0627450980392157
8.87305270135897,0.0627450980392157
8.87636725223732,0.0705882352941176
8.87968180311568,0.0705882352941176
8.88299635399403,0.0705882352941176
8.88631090487239,0.0705882352941176
8.88962545575075,0.0705882352941176
8.8929400066291,0.0705882352941176
8.89625455750746,0.0705882352941176
8.89956910838581,0.0705882352941176
8.90288365926417,0.0705882352941176
8.90619821014253,0.0705882352941176
8.90951276102088,0.0705882352941176
8.91282731189924,0.0705882352941176
8.91614186277759,0.0588235294117647
8.91945641365595,0.0588235294117647
8.9227709645343,0.0588235294117647
8.92608551541266,0.0588235294117647
8.92940006629102,0.0588235294117647
8.93271461716937,0.0588235294117647
8.93602916804773,0.0588235294117647
8.93934371892609,0.0588235294117647
8.94265826980444,0.0588235294117647
8.9459728206828,0.0588235294117647
8.94928737156115,0.0588235294117647
8.95260192243951,0.0588235294117647
8.95591647331787,0.0588235294117647
8.95923102419622,0.0627450980392157
8.96254557507458,0.0627450980392157
8.96586012595293,0.0627450980392157
8.96917467683129,0.0627450980392157
8.97248922770965,0.0627450980392157
8.975803778588,0.0627450980392157
8.97911832946636,0.0627450980392157
8.98243288034471,0.0627450980392157
8.98574743122307,0.0627450980392157
8.98906198210143,0.0627450980392157
8.99237653297978,0.0627450980392157
8.99569108385814,0.0627450980392157
8.99900563473649,0.0509803921568627
9.00232018561485,0.0509803921568627
9.0056347364932,0.0509803921568627
9.00894928737156,0.0509803921568627
9.01226383824992,0.0509803921568627
9.01557838912827,0.0509803921568627
9.01889294000663,0.0509803921568627
9.02220749088499,0.0509803921568627
9.02552204176334,0.0509803921568627
9.0288365926417,0.0509803921568627
9.03215114352005,0.0509803921568627
9.03546569439841,0.0509803921568627
9.03878024527677,0.0509803921568627
9.04209479615512,0.0627450980392157
9.04540934703348,0.0627450980392157
9.04872389791183,0.0627450980392157
9.05203844879019,0.0627450980392157
9.05535299966854,0.0627450980392157
9.0586675505469,0.0627450980392157
9.06198210142526,0.0627450980392157
9.06529665230361,0.0627450980392157
9.06861120318197,0.0627450980392157
9.07192575406033,0.0627450980392157
9.07524030493868,0.0627450980392157
9.07855485581704,0.0627450980392157
9.08186940669539,0.0666666666666667
9.08518395757375,0.0666666666666667
9.0884985084521,0.0666666666666667
9.09181305933046,0.0666666666666667
9.09512761020882,0.0666666666666667
9.09844216108717,0.0666666666666667
9.10175671196553,0.0666666666666667
9.10507126284388,0.0666666666666667
9.10838581372224,0.0666666666666667
9.1117003646006,0.0666666666666667
9.11501491547895,0.0666666666666667
9.11832946635731,0.0666666666666667
9.12164401723567,0.0666666666666667
9.12495856811402,0.0549019607843137
9.12827311899238,0.0549019607843137
9.13158766987073,0.0549019607843137
9.13490222074909,0.0549019607843137
9.13821677162744,0.0549019607843137
9.1415313225058,0.0549019607843137
9.14484587338416,0.0549019607843137
9.14816042426251,0.0549019607843137
9.15147497514087,0.0549019607843137
9.15478952601922,0.0549019607843137
9.15810407689758,0.0549019607843137
9.16141862777594,0.0549019607843137
9.16473317865429,0.0549019607843137
9.16804772953265,0.0549019607843137
9.171362280411,0.0549019607843137
9.17467683128936,0.0549019607843137
9.17799138216772,0.0549019607843137
9.18130593304607,0.0549019607843137
9.18462048392443,0.0549019607843137
9.18793503480278,0.0549019607843137
9.19124958568114,0.0549019607843137
9.1945641365595,0.0549019607843137
9.19787868743785,0.0549019607843137
9.20119323831621,0.0549019607843137
9.20450778919456,0.0549019607843137
9.20782234007292,0.0627450980392157
9.21113689095128,0.0627450980392157
9.21445144182963,0.0627450980392157
9.21776599270799,0.0627450980392157
9.22108054358634,0.0627450980392157
9.2243950944647,0.0627450980392157
9.22770964534306,0.0627450980392157
9.23102419622141,0.0627450980392157
9.23433874709977,0.0627450980392157
9.23765329797812,0.0627450980392157
9.24096784885648,0.0627450980392157
9.24428239973484,0.0627450980392157
9.24759695061319,0.0549019607843137
9.25091150149155,0.0549019607843137
9.2542260523699,0.0549019607843137
9.25754060324826,0.0549019607843137
9.26085515412662,0.0549019607843137
9.26416970500497,0.0549019607843137
9.26748425588333,0.0549019607843137
9.27079880676168,0.0549019607843137
9.27411335764004,0.0549019607843137
9.2774279085184,0.0549019607843137
9.28074245939675,0.0549019607843137
9.28405701027511,0.0549019607843137
9.28737156115346,0.0549019607843137
9.29068611203182,0.0627450980392157
9.29400066291018,0.0627450980392157
9.29731521378853,0.0627450980392157
9.30062976466689,0.0627450980392157
9.30394431554524,0.0627450980392157
9.3072588664236,0.0627450980392157
9.31057341730196,0.0627450980392157
9.31388796818031,0.0627450980392157
9.31720251905867,0.0627450980392157
9.32051706993702,0.0627450980392157
9.32383162081538,0.0627450980392157
9.32714617169374,0.0627450980392157
9.33046072257209,0.0509803921568627
9.33377527345045,0.0509803921568627
9.3370898243288,0.0509803921568627
9.34040437520716,0.0509803921568627
9.34371892608551,0.0509803921568627
9.34703347696387,0.0509803921568627
9.35034802784223,0.0509803921568627
9.35366257872058,0.0509803921568627
9.35697712959894,0.0509803921568627
9.3602916804773,0.0509803921568627
9.36360623135565,0.0509803921568627
9.36692078223401,0.0509803921568627
9.37023533311236,0.0509803921568627
9.37354988399072,0.0470588235294118
9.37686443486908,0.0470588235294118
9.38017898574743,0.0470588235294118
9.38349353662579,0.0470588235294118
9.38680808750414,0.0470588235294118
9.3901226383825,0.0470588235294118
9.39343718926085,0.0470588235294118
9.39675174013921,0.0470588235294118
9.40006629101757,0.0470588235294118
9.40338084189592,0.0470588235294118
9.40669539277428,0.0470588235294118
9.41000994365264,0.0470588235294118
9.41332449453099,0.0431372549019608
9.41663904540935,0.0431372549019608
9.4199535962877,0.0431372549019608
9.42326814716606,0.0431372549019608
9.42658269804441,0.0431372549019608
9.42989724892277,0.0431372549019608
9.43321179980113,0.0431372549019608
9.43652635067948,0.0431372549019608
9.43984090155784,0.0431372549019608
9.44315545243619,0.0431372549019608
9.44647000331455,0.0431372549019608
9.44978455419291,0.0431372549019608
9.45309910507126,0.0431372549019608
9.45641365594962,0.0509803921568627
9.45972820682798,0.0509803921568627
9.46304275770633,0.0509803921568627
9.46635730858469,0.0509803921568627
9.46967185946304,0.0509803921568627
9.4729864103414,0.0509803921568627
9.47630096121975,0.0509803921568627
9.47961551209811,0.0509803921568627
9.48293006297647,0.0509803921568627
9.48624461385482,0.0509803921568627
9.48955916473318,0.0509803921568627
9.49287371561153,0.0509803921568627
9.49618826648989,0.0431372549019608
9.49950281736825,0.0431372549019608
9.5028173682466,0.0431372549019608
9.50613191912496,0.0431372549019608
9.50944647000331,0.0431372549019608
9.51276102088167,0.0431372549019608
9.51607557176003,0.0431372549019608
9.51939012263838,0.0431372549019608
9.52270467351674,0.0431372549019608
9.52601922439509,0.0431372549019608
9.52933377527345,0.0431372549019608
9.53264832615181,0.0431372549019608
9.53596287703016,0.0431372549019608
9.53927742790852,0.0392156862745098
9.54259197878687,0.0392156862745098
9.54590652966523,0.0392156862745098
9.54922108054359,0.0392156862745098
9.55253563142194,0.0392156862745098
9.5558501823003,0.0392156862745098
9.55916473317865,0.0392156862745098
9.56247928405701,0.0392156862745098
9.56579383493537,0.0392156862745098
9.56910838581372,0.0392156862745098
9.57242293669208,0.0392156862745098
9.57573748757043,0.0392156862745098
9.57905203844879,0.0392156862745098
9.58236658932715,0.0392156862745098
9.5856811402055,0.0392156862745098
9.58899569108386,0.0392156862745098
9.59231024196221,0.0392156862745098
9.59562479284057,0.0392156862745098
9.59893934371893,0.0392156862745098
9.60225389459728,0.0392156862745098
9.60556844547564,0.0392156862745098
9.60888299635399,0.0392156862745098
9.61219754723235,0.0392156862745098
9.61551209811071,0.0392156862745098
9.61882664898906,0.0392156862745098
9.62214119986742,0.0431372549019608
9.62545575074577,0.0431372549019608
9.62877030162413,0.0431372549019608
9.63208485250249,0.0431372549019608
9.63539940338084,0.0431372549019608
9.6387139542592,0.0431372549019608
9.64202850513755,0.0431372549019608
9.64534305601591,0.0431372549019608
9.64865760689427,0.0431372549019608
9.65197215777262,0.0431372549019608
9.65528670865098,0.0431372549019608
9.65860125952933,0.0431372549019608
9.66191581040769,0.0431372549019608
9.66523036128605,0.0431372549019608
9.6685449121644,0.0431372549019608
9.67185946304276,0.0431372549019608
9.67517401392111,0.0431372549019608
9.67848856479947,0.0431372549019608
9.68180311567783,0.0431372549019608
9.68511766655618,0.0431372549019608
9.68843221743454,0.0431372549019608
9.69174676831289,0.0431372549019608
9.69506131919125,0.0431372549019608
9.69837587006961,0.0431372549019608
9.70169042094796,0.0431372549019608
9.70500497182632,0.0392156862745098
9.70831952270467,0.0392156862745098
9.71163407358303,0.0392156862745098
9.71494862446139,0.0392156862745098
9.71826317533974,0.0392156862745098
9.7215777262181,0.0392156862745098
9.72489227709645,0.0392156862745098
9.72820682797481,0.0392156862745098
9.73152137885316,0.0392156862745098
9.73483592973152,0.0392156862745098
9.73815048060988,0.0392156862745098
9.74146503148823,0.0392156862745098
9.74477958236659,0.0392156862745098
9.74809413324495,0.0313725490196078
9.7514086841233,0.0313725490196078
9.75472323500166,0.0313725490196078
9.75803778588001,0.0313725490196078
9.76135233675837,0.0313725490196078
9.76466688763673,0.0313725490196078
9.76798143851508,0.0313725490196078
9.77129598939344,0.0313725490196078
9.77461054027179,0.0313725490196078
9.77792509115015,0.0313725490196078
9.7812396420285,0.0313725490196078
9.78455419290686,0.0313725490196078
9.78786874378522,0.0196078431372549
9.79118329466357,0.0196078431372549
9.79449784554193,0.0196078431372549
9.79781239642029,0.0196078431372549
9.80112694729864,0.0196078431372549
9.804441498177,0.0196078431372549
9.80775604905535,0.0196078431372549
9.81107059993371,0.0196078431372549
9.81438515081206,0.0196078431372549
9.81769970169042,0.0196078431372549
9.82101425256878,0.0196078431372549
9.82432880344713,0.0196078431372549
9.82764335432549,0.0196078431372549
9.83095790520384,0.0196078431372549
9.8342724560822,0.0196078431372549
9.83758700696056,0.0196078431372549
9.84090155783891,0.0196078431372549
9.84421610871727,0.0196078431372549
9.84753065959563,0.0196078431372549
9.85084521047398,0.0196078431372549
9.85415976135234,0.0196078431372549
9.85747431223069,0.0196078431372549
9.86078886310905,0.0196078431372549
9.8641034139874,0.0196078431372549
9.86741796486576,0.0196078431372549
9.87073251574412,0.0196078431372549
9.87404706662247,0.0196078431372549
9.87736161750083,0.0196078431372549
9.88067616837919,0.0196078431372549
9.88399071925754,0.0196078431372549
9.8873052701359,0.0196078431372549
9.89061982101425,0.0196078431372549
9.89393437189261,0.0196078431372549
9.89724892277096,0.0196078431372549
9.90056347364932,0.0196078431372549
9.90387802452768,0.0196078431372549
9.90719257540603,0.0196078431372549
9.91050712628439,0.0196078431372549
9.91382167716274,0.0196078431372549
9.9171362280411,0.0196078431372549
9.92045077891946,0.0196078431372549
9.92376532979781,0.0196078431372549
9.92707988067617,0.0196078431372549
9.93039443155453,0.0196078431372549
9.93370898243288,0.0196078431372549
9.93702353331124,0.0196078431372549
9.94033808418959,0.0196078431372549
9.94365263506795,0.0196078431372549
9.9469671859463,0.0196078431372549
9.95028173682466,0.0196078431372549
9.95359628770302,0.0196078431372549
9.95691083858137,0.0196078431372549
9.96022538945973,0.0196078431372549
9.96353994033808,0.0196078431372549
9.96685449121644,0.0196078431372549
9.9701690420948,0.0196078431372549
9.97348359297315,0.0196078431372549
9.97679814385151,0.0196078431372549
9.98011269472986,0.0196078431372549
9.98342724560822,0.0196078431372549
9.98674179648658,0.0196078431372549
9.99005634736493,0.0196078431372549
9.99337089824329,0.0196078431372549
9.99668544912164,0.0196078431372549
10,0.0196078431372549
